-- phpMyAdmin SQL Dump
-- version 5.2.1
-- https://www.phpmyadmin.net/
--
-- Host: localhost
-- Generation Time: Feb 25, 2026 at 11:45 PM
-- Server version: 5.7.44-log
-- PHP Version: 8.3.12

SET SQL_MODE = "NO_AUTO_VALUE_ON_ZERO";
START TRANSACTION;
SET time_zone = "+00:00";


/*!40101 SET @OLD_CHARACTER_SET_CLIENT=@@CHARACTER_SET_CLIENT */;
/*!40101 SET @OLD_CHARACTER_SET_RESULTS=@@CHARACTER_SET_RESULTS */;
/*!40101 SET @OLD_COLLATION_CONNECTION=@@COLLATION_CONNECTION */;
/*!40101 SET NAMES utf8mb4 */;

--
-- Database: `contractor_attendance`
--

-- --------------------------------------------------------

--
-- Table structure for table `attendance_records`
--

CREATE TABLE `attendance_records` (
  `id` int(11) NOT NULL,
  `attendance_date` date NOT NULL,
  `site_name` varchar(100) DEFAULT 'Pallekelle',
  `contractor_id` int(11) NOT NULL,
  `group_id` int(11) NOT NULL,
  `is_present` tinyint(1) NOT NULL DEFAULT '0' COMMENT '1=Present, 0=Absent',
  `remark` varchar(255) DEFAULT NULL,
  `created_at` timestamp NULL DEFAULT CURRENT_TIMESTAMP,
  `updated_at` timestamp NULL DEFAULT CURRENT_TIMESTAMP ON UPDATE CURRENT_TIMESTAMP
) ENGINE=InnoDB DEFAULT CHARSET=utf8mb4;

--
-- Dumping data for table `attendance_records`
--

INSERT INTO `attendance_records` (`id`, `attendance_date`, `site_name`, `contractor_id`, `group_id`, `is_present`, `remark`, `created_at`, `updated_at`) VALUES
(1, '2026-02-21', 'Pallekelle', 1, 1, 1, NULL, '2026-01-16 14:18:45', '2026-01-16 14:18:45'),
(2, '2026-02-21', 'Pallekelle', 2, 1, 1, NULL, '2026-01-16 14:18:45', '2026-01-16 14:18:45'),
(3, '2026-02-21', 'Pallekelle', 3, 1, 0, NULL, '2026-01-16 14:18:45', '2026-01-16 14:18:45'),
(4, '2026-02-21', 'Pallekelle', 4, 1, 0, NULL, '2026-01-16 14:18:45', '2026-01-16 14:18:45'),
(5, '2026-02-21', 'Pallekelle', 5, 1, 1, NULL, '2026-01-16 14:18:45', '2026-01-16 14:18:45'),
(6, '2026-02-21', 'Pallekelle', 6, 1, 1, NULL, '2026-01-16 14:18:45', '2026-01-16 14:18:45'),
(7, '2026-02-21', 'Pallekelle', 7, 1, 0, NULL, '2026-01-16 14:18:45', '2026-01-16 14:18:45'),
(8, '2026-02-21', 'Pallekelle', 8, 1, 1, NULL, '2026-01-16 14:18:45', '2026-01-16 14:18:45'),
(9, '2026-02-21', 'Pallekelle', 9, 1, 0, NULL, '2026-01-16 14:18:45', '2026-01-16 14:18:45'),
(10, '2026-02-21', 'Pallekelle', 10, 1, 0, NULL, '2026-01-16 14:18:45', '2026-01-16 14:18:45'),
(11, '2026-02-21', 'Pallekelle', 11, 1, 1, NULL, '2026-01-16 14:18:45', '2026-01-16 14:18:45'),
(12, '2026-02-21', 'Pallekelle', 12, 1, 0, NULL, '2026-01-16 14:18:45', '2026-01-16 14:18:45'),
(13, '2026-02-21', 'Pallekelle', 13, 1, 0, NULL, '2026-01-16 14:18:45', '2026-01-16 14:18:45'),
(14, '2026-02-21', 'Pallekelle', 14, 1, 1, NULL, '2026-01-16 14:18:45', '2026-01-16 14:18:45'),
(15, '2026-02-21', 'Pallekelle', 15, 2, 0, NULL, '2026-01-16 14:18:45', '2026-01-16 14:18:45'),
(16, '2026-02-21', 'Pallekelle', 16, 2, 0, NULL, '2026-01-16 14:18:45', '2026-01-16 14:18:45'),
(17, '2026-02-21', 'Pallekelle', 17, 2, 0, NULL, '2026-01-16 14:18:45', '2026-01-16 14:18:45'),
(18, '2026-02-21', 'Pallekelle', 18, 2, 0, NULL, '2026-01-16 14:18:45', '2026-01-16 14:18:45'),
(19, '2026-02-21', 'Pallekelle', 19, 2, 1, NULL, '2026-01-16 14:18:45', '2026-01-16 14:18:45'),
(20, '2026-02-21', 'Pallekelle', 20, 2, 1, NULL, '2026-01-16 14:18:45', '2026-01-16 14:18:45'),
(21, '2026-02-21', 'Pallekelle', 21, 2, 0, NULL, '2026-01-16 14:18:45', '2026-01-16 14:18:45'),
(22, '2026-02-21', 'Pallekelle', 22, 2, 1, NULL, '2026-01-16 14:18:45', '2026-01-16 14:18:45'),
(23, '2026-02-21', 'Pallekelle', 23, 2, 1, NULL, '2026-01-16 14:18:45', '2026-01-16 14:18:45'),
(24, '2026-02-21', 'Pallekelle', 24, 2, 0, NULL, '2026-01-16 14:18:45', '2026-01-16 14:18:45'),
(25, '2026-02-21', 'Pallekelle', 25, 2, 1, NULL, '2026-01-16 14:18:45', '2026-01-16 14:18:45'),
(26, '2026-02-21', 'Pallekelle', 26, 2, 0, NULL, '2026-01-16 14:18:45', '2026-01-16 14:18:45'),
(27, '2026-02-21', 'Pallekelle', 27, 3, 1, NULL, '2026-01-16 14:18:45', '2026-01-16 14:18:45'),
(28, '2026-02-21', 'Pallekelle', 28, 3, 0, NULL, '2026-01-16 14:18:45', '2026-01-16 14:18:45'),
(29, '2026-02-21', 'Pallekelle', 29, 3, 0, NULL, '2026-01-16 14:18:45', '2026-01-16 14:18:45'),
(30, '2026-02-21', 'Pallekelle', 30, 3, 1, NULL, '2026-01-16 14:18:45', '2026-01-16 14:18:45'),
(31, '2026-02-21', 'Pallekelle', 31, 3, 1, NULL, '2026-01-16 14:18:45', '2026-01-16 14:18:45'),
(32, '2026-02-21', 'Pallekelle', 32, 3, 0, NULL, '2026-01-16 14:18:45', '2026-01-16 14:18:45'),
(33, '2026-02-21', 'Pallekelle', 33, 3, 0, NULL, '2026-01-16 14:18:45', '2026-01-16 14:18:45'),
(34, '2026-02-21', 'Pallekelle', 34, 6, 1, NULL, '2026-01-16 14:18:45', '2026-01-16 14:18:45'),
(35, '2026-02-21', 'Pallekelle', 35, 6, 0, NULL, '2026-01-16 14:18:45', '2026-01-16 14:18:45'),
(36, '2026-02-21', 'Pallekelle', 36, 6, 0, NULL, '2026-01-16 14:18:45', '2026-01-16 14:18:45'),
(37, '2026-02-21', 'Pallekelle', 37, 6, 0, NULL, '2026-01-16 14:18:45', '2026-01-16 14:18:45'),
(38, '2026-02-21', 'Pallekelle', 38, 6, 1, NULL, '2026-01-16 14:18:45', '2026-01-16 14:18:45'),
(39, '2026-02-21', 'Pallekelle', 39, 6, 1, NULL, '2026-01-16 14:18:45', '2026-01-16 14:18:45'),
(40, '2026-02-21', 'Pallekelle', 40, 5, 1, NULL, '2026-01-16 14:18:45', '2026-01-16 14:18:45'),
(41, '2026-02-21', 'Pallekelle', 41, 5, 1, NULL, '2026-01-16 14:18:45', '2026-01-16 14:18:45'),
(42, '2026-02-21', 'Pallekelle', 42, 5, 0, NULL, '2026-01-16 14:18:45', '2026-01-16 14:18:45'),
(43, '2026-02-21', 'Pallekelle', 43, 5, 1, NULL, '2026-01-16 14:18:45', '2026-01-16 14:18:45'),
(44, '2026-02-21', 'Pallekelle', 44, 5, 1, NULL, '2026-01-16 14:18:45', '2026-01-16 14:18:45'),
(45, '2026-02-21', 'Pallekelle', 45, 5, 1, NULL, '2026-01-16 14:18:45', '2026-01-16 14:18:45'),
(46, '2026-02-21', 'Pallekelle', 46, 5, 1, NULL, '2026-01-16 14:18:45', '2026-01-16 14:18:45'),
(47, '2026-02-21', 'Pallekelle', 47, 5, 0, NULL, '2026-01-16 14:18:45', '2026-01-16 14:18:45'),
(48, '2026-02-21', 'Pallekelle', 48, 5, 0, NULL, '2026-01-16 14:18:45', '2026-01-16 14:18:45'),
(49, '2026-02-21', 'Pallekelle', 49, 5, 1, NULL, '2026-01-16 14:18:45', '2026-01-16 14:18:45'),
(50, '2026-02-21', 'Pallekelle', 50, 5, 1, NULL, '2026-01-16 14:18:45', '2026-01-16 14:18:45'),
(51, '2026-02-21', 'Pallekelle', 51, 4, 1, NULL, '2026-01-16 14:18:45', '2026-01-16 14:18:45'),
(52, '2026-02-21', 'Pallekelle', 52, 4, 1, NULL, '2026-01-16 14:18:45', '2026-01-16 14:18:45'),
(53, '2026-02-21', 'Pallekelle', 53, 4, 0, NULL, '2026-01-16 14:18:45', '2026-01-16 14:18:45'),
(54, '2026-02-21', 'Pallekelle', 54, 4, 1, NULL, '2026-01-16 14:18:45', '2026-01-16 14:18:45'),
(55, '2026-02-21', 'Pallekelle', 55, 4, 1, NULL, '2026-01-16 14:18:45', '2026-01-16 14:18:45'),
(56, '2026-02-21', 'Pallekelle', 56, 4, 1, NULL, '2026-01-16 14:18:45', '2026-01-16 14:18:45'),
(57, '2026-02-21', 'Pallekelle', 57, 4, 0, NULL, '2026-01-16 14:18:45', '2026-01-16 14:18:45'),
(58, '2026-02-21', 'Pallekelle', 58, 4, 1, NULL, '2026-01-16 14:18:45', '2026-01-16 14:18:45'),
(59, '2026-02-21', 'Pallekelle', 59, 4, 0, NULL, '2026-01-16 14:18:45', '2026-01-16 14:18:45'),
(60, '2026-02-21', 'Pallekelle', 60, 4, 0, NULL, '2026-01-16 14:18:45', '2026-01-16 14:18:45'),
(61, '2026-02-21', 'Pallekelle', 61, 4, 0, NULL, '2026-01-16 14:18:45', '2026-01-16 14:18:45'),
(62, '2026-02-21', 'Pallekelle', 62, 4, 0, NULL, '2026-01-16 14:18:45', '2026-01-16 14:18:45'),
(63, '2026-02-21', 'Pallekelle', 63, 4, 1, NULL, '2026-01-16 14:18:45', '2026-01-16 14:18:45'),
(64, '2026-02-21', 'Pallekelle', 64, 8, 0, NULL, '2026-01-16 14:18:45', '2026-01-16 14:18:45'),
(65, '2026-02-21', 'Pallekelle', 65, 8, 1, NULL, '2026-01-16 14:18:45', '2026-01-16 14:18:45'),
(66, '2026-02-21', 'Pallekelle', 66, 8, 0, NULL, '2026-01-16 14:18:45', '2026-01-16 14:18:45'),
(67, '2026-02-21', 'Pallekelle', 67, 8, 0, NULL, '2026-01-16 14:18:45', '2026-01-16 14:18:45'),
(68, '2026-02-21', 'Pallekelle', 68, 8, 0, NULL, '2026-01-16 14:18:45', '2026-01-16 14:18:45'),
(69, '2026-02-21', 'Pallekelle', 69, 8, 0, NULL, '2026-01-16 14:18:45', '2026-01-16 14:18:45'),
(70, '2026-02-21', 'Pallekelle', 70, 7, 1, NULL, '2026-01-16 14:18:45', '2026-01-16 14:18:45'),
(71, '2026-02-21', 'Pallekelle', 71, 7, 0, NULL, '2026-01-16 14:18:45', '2026-01-16 14:18:45'),
(72, '2026-02-21', 'Pallekelle', 72, 7, 1, NULL, '2026-01-16 14:18:45', '2026-01-16 14:18:45'),
(73, '2026-02-21', 'Pallekelle', 73, 7, 1, NULL, '2026-01-16 14:18:45', '2026-01-16 14:18:45'),
(74, '2026-02-21', 'Pallekelle', 74, 7, 0, NULL, '2026-01-16 14:18:45', '2026-01-16 14:18:45'),
(75, '2026-02-21', 'Pallekelle', 75, 7, 1, NULL, '2026-01-16 14:18:45', '2026-01-16 14:18:45'),
(76, '2026-02-20', 'Pallekelle', 1, 1, 0, NULL, '2026-01-16 14:25:03', '2026-01-16 14:25:03'),
(77, '2026-02-20', 'Pallekelle', 2, 1, 1, NULL, '2026-01-16 14:25:03', '2026-01-16 14:25:03'),
(78, '2026-02-20', 'Pallekelle', 3, 1, 1, NULL, '2026-01-16 14:25:03', '2026-01-16 14:25:03'),
(79, '2026-02-20', 'Pallekelle', 4, 1, 1, NULL, '2026-01-16 14:25:03', '2026-01-16 14:25:03'),
(80, '2026-02-20', 'Pallekelle', 5, 1, 1, NULL, '2026-01-16 14:25:03', '2026-01-16 14:25:03'),
(81, '2026-02-20', 'Pallekelle', 6, 1, 1, NULL, '2026-01-16 14:25:03', '2026-01-16 14:25:03'),
(82, '2026-02-20', 'Pallekelle', 7, 1, 1, NULL, '2026-01-16 14:25:03', '2026-01-16 14:25:03'),
(83, '2026-02-20', 'Pallekelle', 8, 1, 1, NULL, '2026-01-16 14:25:03', '2026-01-16 14:25:03'),
(84, '2026-02-20', 'Pallekelle', 9, 1, 0, NULL, '2026-01-16 14:25:03', '2026-01-16 14:25:03'),
(85, '2026-02-20', 'Pallekelle', 10, 1, 0, NULL, '2026-01-16 14:25:03', '2026-01-16 14:25:03'),
(86, '2026-02-20', 'Pallekelle', 11, 1, 1, NULL, '2026-01-16 14:25:03', '2026-01-16 14:25:03'),
(87, '2026-02-20', 'Pallekelle', 12, 1, 0, NULL, '2026-01-16 14:25:03', '2026-01-16 14:25:03'),
(88, '2026-02-20', 'Pallekelle', 13, 1, 0, NULL, '2026-01-16 14:25:03', '2026-01-16 14:25:03'),
(89, '2026-02-20', 'Pallekelle', 14, 1, 0, NULL, '2026-01-16 14:25:03', '2026-01-16 14:25:03'),
(90, '2026-02-20', 'Pallekelle', 15, 2, 0, NULL, '2026-01-16 14:25:03', '2026-01-16 14:25:03'),
(91, '2026-02-20', 'Pallekelle', 16, 2, 0, NULL, '2026-01-16 14:25:03', '2026-01-16 14:25:03'),
(92, '2026-02-20', 'Pallekelle', 17, 2, 0, NULL, '2026-01-16 14:25:03', '2026-01-16 14:25:03'),
(93, '2026-02-20', 'Pallekelle', 18, 2, 0, NULL, '2026-01-16 14:25:03', '2026-01-16 14:25:03'),
(94, '2026-02-20', 'Pallekelle', 19, 2, 1, NULL, '2026-01-16 14:25:03', '2026-01-16 14:25:03'),
(95, '2026-02-20', 'Pallekelle', 20, 2, 1, NULL, '2026-01-16 14:25:03', '2026-01-16 14:25:03'),
(96, '2026-02-20', 'Pallekelle', 21, 2, 0, NULL, '2026-01-16 14:25:03', '2026-01-16 14:25:03'),
(97, '2026-02-20', 'Pallekelle', 22, 2, 1, NULL, '2026-01-16 14:25:03', '2026-01-16 14:25:03'),
(98, '2026-02-20', 'Pallekelle', 23, 2, 1, NULL, '2026-01-16 14:25:03', '2026-01-16 14:25:03'),
(99, '2026-02-20', 'Pallekelle', 24, 2, 1, NULL, '2026-01-16 14:25:03', '2026-01-16 14:25:03'),
(100, '2026-02-20', 'Pallekelle', 25, 2, 1, NULL, '2026-01-16 14:25:03', '2026-01-16 14:25:03'),
(101, '2026-02-20', 'Pallekelle', 26, 2, 1, NULL, '2026-01-16 14:25:03', '2026-01-16 14:25:03'),
(102, '2026-02-20', 'Pallekelle', 27, 3, 1, NULL, '2026-01-16 14:25:03', '2026-01-16 14:25:03'),
(103, '2026-02-20', 'Pallekelle', 28, 3, 0, NULL, '2026-01-16 14:25:03', '2026-01-16 14:25:03'),
(104, '2026-02-20', 'Pallekelle', 29, 3, 0, NULL, '2026-01-16 14:25:03', '2026-01-16 14:25:03'),
(105, '2026-02-20', 'Pallekelle', 30, 3, 0, NULL, '2026-01-16 14:25:03', '2026-01-16 14:25:03'),
(106, '2026-02-20', 'Pallekelle', 31, 3, 0, NULL, '2026-01-16 14:25:03', '2026-01-16 14:25:03'),
(107, '2026-02-20', 'Pallekelle', 32, 3, 1, NULL, '2026-01-16 14:25:03', '2026-01-16 14:25:03'),
(108, '2026-02-20', 'Pallekelle', 33, 3, 1, NULL, '2026-01-16 14:25:03', '2026-01-16 14:25:03'),
(109, '2026-02-20', 'Pallekelle', 34, 6, 1, NULL, '2026-01-16 14:25:03', '2026-01-16 14:25:03'),
(110, '2026-02-20', 'Pallekelle', 35, 6, 0, NULL, '2026-01-16 14:25:03', '2026-01-16 14:25:03'),
(111, '2026-02-20', 'Pallekelle', 36, 6, 0, NULL, '2026-01-16 14:25:03', '2026-01-16 14:25:03'),
(112, '2026-02-20', 'Pallekelle', 37, 6, 1, NULL, '2026-01-16 14:25:03', '2026-01-16 14:25:03'),
(113, '2026-02-20', 'Pallekelle', 38, 6, 1, NULL, '2026-01-16 14:25:03', '2026-01-16 14:25:03'),
(114, '2026-02-20', 'Pallekelle', 39, 6, 1, NULL, '2026-01-16 14:25:03', '2026-01-16 14:25:03'),
(115, '2026-02-20', 'Pallekelle', 40, 5, 1, NULL, '2026-01-16 14:25:03', '2026-01-16 14:25:03'),
(116, '2026-02-20', 'Pallekelle', 41, 5, 1, NULL, '2026-01-16 14:25:03', '2026-01-16 14:25:03'),
(117, '2026-02-20', 'Pallekelle', 42, 5, 0, NULL, '2026-01-16 14:25:03', '2026-01-16 14:25:03'),
(118, '2026-02-20', 'Pallekelle', 43, 5, 1, NULL, '2026-01-16 14:25:03', '2026-01-16 14:25:03'),
(119, '2026-02-20', 'Pallekelle', 44, 5, 1, NULL, '2026-01-16 14:25:03', '2026-01-16 14:25:03'),
(120, '2026-02-20', 'Pallekelle', 45, 5, 1, NULL, '2026-01-16 14:25:03', '2026-01-16 14:25:03'),
(121, '2026-02-20', 'Pallekelle', 46, 5, 1, NULL, '2026-01-16 14:25:03', '2026-01-16 14:25:03'),
(122, '2026-02-20', 'Pallekelle', 47, 5, 1, NULL, '2026-01-16 14:25:03', '2026-01-16 14:25:03'),
(123, '2026-02-20', 'Pallekelle', 48, 5, 0, NULL, '2026-01-16 14:25:03', '2026-01-16 14:25:03'),
(124, '2026-02-20', 'Pallekelle', 49, 5, 1, NULL, '2026-01-16 14:25:03', '2026-01-16 14:25:03'),
(125, '2026-02-20', 'Pallekelle', 50, 5, 1, NULL, '2026-01-16 14:25:03', '2026-01-16 14:25:03'),
(126, '2026-02-20', 'Pallekelle', 51, 4, 1, NULL, '2026-01-16 14:25:03', '2026-01-16 14:25:03'),
(127, '2026-02-20', 'Pallekelle', 52, 4, 1, NULL, '2026-01-16 14:25:03', '2026-01-16 14:25:03'),
(128, '2026-02-20', 'Pallekelle', 53, 4, 0, NULL, '2026-01-16 14:25:03', '2026-01-16 14:25:03'),
(129, '2026-02-20', 'Pallekelle', 54, 4, 1, NULL, '2026-01-16 14:25:03', '2026-01-16 14:25:03'),
(130, '2026-02-20', 'Pallekelle', 55, 4, 1, NULL, '2026-01-16 14:25:03', '2026-01-16 14:25:03'),
(131, '2026-02-20', 'Pallekelle', 56, 4, 1, NULL, '2026-01-16 14:25:03', '2026-01-16 14:25:03'),
(132, '2026-02-20', 'Pallekelle', 57, 4, 0, NULL, '2026-01-16 14:25:03', '2026-01-16 14:25:03'),
(133, '2026-02-20', 'Pallekelle', 58, 4, 1, NULL, '2026-01-16 14:25:03', '2026-01-16 14:25:03'),
(134, '2026-02-20', 'Pallekelle', 59, 4, 0, NULL, '2026-01-16 14:25:03', '2026-01-16 14:25:03'),
(135, '2026-02-20', 'Pallekelle', 60, 4, 0, NULL, '2026-01-16 14:25:03', '2026-01-16 14:25:03'),
(136, '2026-02-20', 'Pallekelle', 61, 4, 0, NULL, '2026-01-16 14:25:03', '2026-01-16 14:25:03'),
(137, '2026-02-20', 'Pallekelle', 62, 4, 0, NULL, '2026-01-16 14:25:03', '2026-01-16 14:25:03'),
(138, '2026-02-20', 'Pallekelle', 63, 4, 1, NULL, '2026-01-16 14:25:03', '2026-01-16 14:25:03'),
(139, '2026-02-20', 'Pallekelle', 64, 8, 0, NULL, '2026-01-16 14:25:03', '2026-01-16 14:25:03'),
(140, '2026-02-20', 'Pallekelle', 65, 8, 1, NULL, '2026-01-16 14:25:03', '2026-01-16 14:25:03'),
(141, '2026-02-20', 'Pallekelle', 66, 8, 0, NULL, '2026-01-16 14:25:03', '2026-01-16 14:25:03'),
(142, '2026-02-20', 'Pallekelle', 67, 8, 0, NULL, '2026-01-16 14:25:03', '2026-01-16 14:25:03'),
(143, '2026-02-20', 'Pallekelle', 68, 8, 0, NULL, '2026-01-16 14:25:03', '2026-01-16 14:25:03'),
(144, '2026-02-20', 'Pallekelle', 69, 8, 0, NULL, '2026-01-16 14:25:03', '2026-01-16 14:25:03'),
(145, '2026-02-20', 'Pallekelle', 70, 7, 1, NULL, '2026-01-16 14:25:03', '2026-01-16 14:25:03'),
(146, '2026-02-20', 'Pallekelle', 71, 7, 0, NULL, '2026-01-16 14:25:03', '2026-01-16 14:25:03'),
(147, '2026-02-20', 'Pallekelle', 72, 7, 1, NULL, '2026-01-16 14:25:03', '2026-01-16 14:25:03'),
(148, '2026-02-20', 'Pallekelle', 73, 7, 1, NULL, '2026-01-16 14:25:03', '2026-01-16 14:25:03'),
(149, '2026-02-20', 'Pallekelle', 74, 7, 0, NULL, '2026-01-16 14:25:03', '2026-01-16 14:25:03'),
(150, '2026-02-20', 'Pallekelle', 75, 7, 0, NULL, '2026-01-16 14:25:03', '2026-01-16 14:25:03'),
(151, '2026-01-02', 'Pallekelle', 1, 1, 0, NULL, '2026-01-17 19:39:37', '2026-01-17 19:39:37'),
(152, '2026-01-02', 'Pallekelle', 2, 1, 0, NULL, '2026-01-17 19:39:37', '2026-01-17 19:39:37'),
(153, '2026-01-02', 'Pallekelle', 3, 1, 0, NULL, '2026-01-17 19:39:37', '2026-01-17 19:39:37'),
(154, '2026-01-02', 'Pallekelle', 4, 1, 0, NULL, '2026-01-17 19:39:37', '2026-01-17 19:39:37'),
(155, '2026-01-02', 'Pallekelle', 5, 1, 1, NULL, '2026-01-17 19:39:37', '2026-01-17 19:39:37'),
(156, '2026-01-02', 'Pallekelle', 6, 1, 1, NULL, '2026-01-17 19:39:37', '2026-01-17 19:39:37'),
(157, '2026-01-02', 'Pallekelle', 7, 1, 1, NULL, '2026-01-17 19:39:37', '2026-01-17 19:39:37'),
(158, '2026-01-02', 'Pallekelle', 8, 1, 0, NULL, '2026-01-17 19:39:37', '2026-01-17 19:39:37'),
(159, '2026-01-02', 'Pallekelle', 9, 1, 0, NULL, '2026-01-17 19:39:37', '2026-01-17 19:39:37'),
(160, '2026-01-02', 'Pallekelle', 83, 1, 0, NULL, '2026-01-17 19:39:37', '2026-01-17 19:39:37'),
(161, '2026-01-02', 'Pallekelle', 84, 1, 1, NULL, '2026-01-17 19:39:37', '2026-01-17 19:39:37'),
(162, '2026-01-02', 'Pallekelle', 85, 1, 0, NULL, '2026-01-17 19:39:37', '2026-01-17 19:39:37'),
(163, '2026-01-02', 'Pallekelle', 86, 1, 0, NULL, '2026-01-17 19:39:37', '2026-01-17 19:39:37'),
(164, '2026-01-02', 'Pallekelle', 87, 1, 0, NULL, '2026-01-17 19:39:37', '2026-01-17 19:39:37'),
(165, '2026-01-02', 'Pallekelle', 15, 2, 0, NULL, '2026-01-17 19:39:37', '2026-01-17 19:39:37'),
(166, '2026-01-02', 'Pallekelle', 16, 2, 0, NULL, '2026-01-17 19:39:37', '2026-01-17 19:39:37'),
(167, '2026-01-02', 'Pallekelle', 17, 2, 1, NULL, '2026-01-17 19:39:37', '2026-01-17 19:39:37'),
(168, '2026-01-02', 'Pallekelle', 18, 2, 0, NULL, '2026-01-17 19:39:37', '2026-01-17 19:39:37'),
(169, '2026-01-02', 'Pallekelle', 19, 2, 1, NULL, '2026-01-17 19:39:37', '2026-01-17 19:39:37'),
(170, '2026-01-02', 'Pallekelle', 20, 2, 0, NULL, '2026-01-17 19:39:37', '2026-01-17 19:39:37'),
(171, '2026-01-02', 'Pallekelle', 21, 2, 0, NULL, '2026-01-17 19:39:37', '2026-01-17 19:39:37'),
(172, '2026-01-02', 'Pallekelle', 27, 3, 1, NULL, '2026-01-17 19:39:37', '2026-01-17 19:39:37'),
(173, '2026-01-02', 'Pallekelle', 28, 3, 1, NULL, '2026-01-17 19:39:37', '2026-01-17 19:39:37'),
(174, '2026-01-02', 'Pallekelle', 29, 3, 0, NULL, '2026-01-17 19:39:37', '2026-01-17 19:39:37'),
(175, '2026-01-02', 'Pallekelle', 30, 3, 0, NULL, '2026-01-17 19:39:37', '2026-01-17 19:39:37'),
(176, '2026-01-02', 'Pallekelle', 31, 3, 0, NULL, '2026-01-17 19:39:37', '2026-01-17 19:39:37'),
(177, '2026-01-02', 'Pallekelle', 32, 3, 1, NULL, '2026-01-17 19:39:37', '2026-01-17 19:39:37'),
(178, '2026-01-02', 'Pallekelle', 76, 793, 0, NULL, '2026-01-17 19:39:37', '2026-01-17 19:39:37'),
(179, '2026-01-02', 'Pallekelle', 78, 793, 1, NULL, '2026-01-17 19:39:37', '2026-01-17 19:39:37'),
(180, '2026-01-02', 'Pallekelle', 80, 793, 1, NULL, '2026-01-17 19:39:37', '2026-01-17 19:39:37'),
(181, '2026-01-02', 'Pallekelle', 82, 793, 0, NULL, '2026-01-17 19:39:37', '2026-01-17 19:39:37'),
(182, '2026-01-02', 'Pallekelle', 40, 5, 0, NULL, '2026-01-17 19:39:37', '2026-01-17 19:39:37'),
(183, '2026-01-02', 'Pallekelle', 41, 5, 1, NULL, '2026-01-17 19:39:37', '2026-01-17 19:39:37'),
(184, '2026-01-02', 'Pallekelle', 42, 5, 0, NULL, '2026-01-17 19:39:37', '2026-01-17 19:39:37'),
(185, '2026-01-02', 'Pallekelle', 43, 5, 0, NULL, '2026-01-17 19:39:37', '2026-01-17 19:39:37'),
(186, '2026-01-02', 'Pallekelle', 44, 5, 0, NULL, '2026-01-17 19:39:37', '2026-01-17 19:39:37'),
(187, '2026-01-02', 'Pallekelle', 45, 5, 0, NULL, '2026-01-17 19:39:37', '2026-01-17 19:39:37'),
(188, '2026-01-02', 'Pallekelle', 46, 5, 1, NULL, '2026-01-17 19:39:37', '2026-01-17 19:39:37'),
(189, '2026-01-02', 'Pallekelle', 47, 5, 0, NULL, '2026-01-17 19:39:37', '2026-01-17 19:39:37'),
(190, '2026-01-02', 'Pallekelle', 48, 5, 0, NULL, '2026-01-17 19:39:37', '2026-01-17 19:39:37'),
(191, '2026-01-02', 'Pallekelle', 88, 1346, 1, NULL, '2026-01-17 19:39:37', '2026-01-17 19:39:37'),
(192, '2026-01-02', 'Pallekelle', 89, 1346, 0, NULL, '2026-01-17 19:39:37', '2026-01-17 19:39:37'),
(193, '2026-01-02', 'Pallekelle', 90, 1346, 1, NULL, '2026-01-17 19:39:37', '2026-01-17 19:39:37'),
(194, '2026-01-02', 'Pallekelle', 91, 1346, 0, NULL, '2026-01-17 19:39:37', '2026-01-17 19:39:37'),
(195, '2026-01-02', 'Pallekelle', 92, 1346, 1, NULL, '2026-01-17 19:39:38', '2026-01-17 19:39:38'),
(196, '2026-01-02', 'Pallekelle', 51, 4, 1, NULL, '2026-01-17 19:39:38', '2026-01-17 19:39:38'),
(197, '2026-01-02', 'Pallekelle', 52, 4, 1, NULL, '2026-01-17 19:39:38', '2026-01-17 19:39:38'),
(198, '2026-01-02', 'Pallekelle', 53, 4, 0, NULL, '2026-01-17 19:39:38', '2026-01-17 19:39:38'),
(199, '2026-01-02', 'Pallekelle', 54, 4, 1, NULL, '2026-01-17 19:39:38', '2026-01-17 19:39:38'),
(200, '2026-01-02', 'Pallekelle', 93, 4, 0, NULL, '2026-01-17 19:39:38', '2026-01-17 19:39:38'),
(201, '2026-01-02', 'Pallekelle', 94, 4, 0, NULL, '2026-01-17 19:39:38', '2026-01-17 19:39:38'),
(202, '2026-01-02', 'Pallekelle', 95, 4, 0, NULL, '2026-01-17 19:39:38', '2026-01-17 19:39:38'),
(203, '2026-01-02', 'Pallekelle', 96, 4, 0, NULL, '2026-01-17 19:39:38', '2026-01-17 19:39:38'),
(204, '2026-01-02', 'Pallekelle', 97, 4, 0, NULL, '2026-01-17 19:39:38', '2026-01-17 19:39:38'),
(205, '2026-01-02', 'Pallekelle', 98, 4, 0, NULL, '2026-01-17 19:39:38', '2026-01-17 19:39:38'),
(206, '2026-01-02', 'Pallekelle', 99, 4, 0, NULL, '2026-01-17 19:39:38', '2026-01-17 19:39:38'),
(207, '2026-01-02', 'Pallekelle', 100, 4, 0, NULL, '2026-01-17 19:39:38', '2026-01-17 19:39:38'),
(208, '2026-01-02', 'Pallekelle', 101, 4, 0, NULL, '2026-01-17 19:39:38', '2026-01-17 19:39:38'),
(209, '2026-01-02', 'Pallekelle', 102, 4, 0, NULL, '2026-01-17 19:39:38', '2026-01-17 19:39:38'),
(210, '2026-01-02', 'Pallekelle', 103, 4, 0, NULL, '2026-01-17 19:39:38', '2026-01-17 19:39:38'),
(211, '2026-01-02', 'Pallekelle', 104, 4, 0, NULL, '2026-01-17 19:39:38', '2026-01-17 19:39:38'),
(212, '2026-01-02', 'Pallekelle', 105, 4, 0, NULL, '2026-01-17 19:39:38', '2026-01-17 19:39:38'),
(213, '2026-01-02', 'Pallekelle', 106, 4, 0, NULL, '2026-01-17 19:39:38', '2026-01-17 19:39:38'),
(214, '2026-01-02', 'Pallekelle', 107, 1347, 0, NULL, '2026-01-17 19:39:38', '2026-01-17 19:39:38'),
(215, '2026-01-02', 'Pallekelle', 108, 1347, 0, NULL, '2026-01-17 19:39:38', '2026-01-17 19:39:38'),
(216, '2026-01-02', 'Pallekelle', 109, 1347, 0, NULL, '2026-01-17 19:39:38', '2026-01-17 19:39:38'),
(217, '2026-01-02', 'Pallekelle', 110, 1347, 0, NULL, '2026-01-17 19:39:38', '2026-01-17 19:39:38'),
(218, '2026-01-02', 'Pallekelle', 111, 1347, 0, NULL, '2026-01-17 19:39:38', '2026-01-17 19:39:38'),
(219, '2026-01-02', 'Pallekelle', 112, 1347, 0, NULL, '2026-01-17 19:39:38', '2026-01-17 19:39:38'),
(220, '2026-01-02', 'Pallekelle', 113, 1347, 0, NULL, '2026-01-17 19:39:38', '2026-01-17 19:39:38'),
(221, '2026-01-02', 'Pallekelle', 114, 1347, 0, NULL, '2026-01-17 19:39:38', '2026-01-17 19:39:38'),
(222, '2026-01-02', 'Pallekelle', 115, 1347, 0, NULL, '2026-01-17 19:39:38', '2026-01-17 19:39:38'),
(223, '2026-01-02', 'Pallekelle', 116, 1347, 0, NULL, '2026-01-17 19:39:38', '2026-01-17 19:39:38'),
(224, '2026-01-02', 'Pallekelle', 117, 1347, 0, NULL, '2026-01-17 19:39:38', '2026-01-17 19:39:38'),
(225, '2026-02-24', 'Pallekelle', 1, 1, 1, '', '2026-01-18 05:58:47', '2026-01-18 05:58:47'),
(226, '2026-02-24', 'Pallekelle', 2, 1, 1, '', '2026-01-18 05:58:47', '2026-01-18 05:58:47'),
(227, '2026-02-24', 'Pallekelle', 3, 1, 0, '', '2026-01-18 05:58:47', '2026-01-18 05:58:47'),
(228, '2026-02-24', 'Pallekelle', 4, 1, 0, '', '2026-01-18 05:58:47', '2026-01-18 05:58:47'),
(229, '2026-02-24', 'Pallekelle', 5, 1, 1, '', '2026-01-18 05:58:47', '2026-01-18 05:58:47'),
(230, '2026-02-24', 'Pallekelle', 6, 1, 1, '', '2026-01-18 05:58:47', '2026-01-18 05:58:47'),
(231, '2026-02-24', 'Pallekelle', 7, 1, 1, '', '2026-01-18 05:58:47', '2026-01-18 05:58:47'),
(232, '2026-02-24', 'Pallekelle', 8, 1, 1, '', '2026-01-18 05:58:47', '2026-01-18 05:58:47'),
(233, '2026-02-24', 'Pallekelle', 9, 1, 0, '', '2026-01-18 05:58:47', '2026-01-18 05:58:47'),
(234, '2026-02-24', 'Pallekelle', 10, 1, 0, '', '2026-01-18 05:58:47', '2026-01-18 05:58:47'),
(235, '2026-02-24', 'Pallekelle', 11, 1, 1, '', '2026-01-18 05:58:47', '2026-01-18 05:58:47'),
(236, '2026-02-24', 'Pallekelle', 12, 1, 1, '', '2026-01-18 05:58:47', '2026-01-18 05:58:47'),
(237, '2026-02-24', 'Pallekelle', 13, 1, 0, '', '2026-01-18 05:58:47', '2026-01-18 05:58:47'),
(238, '2026-02-24', 'Pallekelle', 14, 1, 1, '', '2026-01-18 05:58:47', '2026-01-18 05:58:47'),
(239, '2026-02-24', 'Pallekelle', 15, 2, 0, '', '2026-01-18 05:58:47', '2026-01-18 05:58:47'),
(240, '2026-02-24', 'Pallekelle', 16, 2, 0, '', '2026-01-18 05:58:47', '2026-01-18 05:58:47'),
(241, '2026-02-24', 'Pallekelle', 17, 2, 0, '', '2026-01-18 05:58:47', '2026-01-18 05:58:47'),
(242, '2026-02-24', 'Pallekelle', 18, 2, 0, '', '2026-01-18 05:58:47', '2026-01-18 05:58:47'),
(243, '2026-02-24', 'Pallekelle', 19, 2, 0, '', '2026-01-18 05:58:47', '2026-01-18 05:58:47'),
(244, '2026-02-24', 'Pallekelle', 20, 2, 1, '', '2026-01-18 05:58:47', '2026-01-18 05:58:47'),
(245, '2026-02-24', 'Pallekelle', 21, 2, 0, '', '2026-01-18 05:58:47', '2026-01-18 05:58:47'),
(246, '2026-02-24', 'Pallekelle', 22, 2, 1, '', '2026-01-18 05:58:47', '2026-01-18 05:58:47'),
(247, '2026-02-24', 'Pallekelle', 23, 2, 1, '', '2026-01-18 05:58:47', '2026-01-18 05:58:47'),
(248, '2026-02-24', 'Pallekelle', 24, 2, 0, '', '2026-01-18 05:58:47', '2026-01-18 05:58:47'),
(249, '2026-02-24', 'Pallekelle', 25, 2, 1, '', '2026-01-18 05:58:47', '2026-01-18 05:58:47'),
(250, '2026-02-24', 'Pallekelle', 26, 2, 0, '', '2026-01-18 05:58:47', '2026-01-18 05:58:47'),
(251, '2026-02-24', 'Pallekelle', 27, 3, 1, '', '2026-01-18 05:58:47', '2026-01-18 05:58:47'),
(252, '2026-02-24', 'Pallekelle', 28, 3, 0, '', '2026-01-18 05:58:47', '2026-01-18 05:58:47'),
(253, '2026-02-24', 'Pallekelle', 29, 3, 1, '', '2026-01-18 05:58:47', '2026-01-18 05:58:47'),
(254, '2026-02-24', 'Pallekelle', 30, 3, 0, '', '2026-01-18 05:58:47', '2026-01-18 05:58:47'),
(255, '2026-02-24', 'Pallekelle', 31, 3, 0, '', '2026-01-18 05:58:47', '2026-01-18 05:58:47'),
(256, '2026-02-24', 'Pallekelle', 32, 3, 0, '', '2026-01-18 05:58:47', '2026-01-18 05:58:47'),
(257, '2026-02-24', 'Pallekelle', 33, 3, 1, '', '2026-01-18 05:58:47', '2026-01-18 05:58:47'),
(258, '2026-02-24', 'Pallekelle', 34, 6, 1, '', '2026-01-18 05:58:47', '2026-01-18 05:58:47'),
(259, '2026-02-24', 'Pallekelle', 35, 6, 0, '', '2026-01-18 05:58:47', '2026-01-18 05:58:47'),
(260, '2026-02-24', 'Pallekelle', 36, 6, 0, '', '2026-01-18 05:58:47', '2026-01-18 05:58:47'),
(261, '2026-02-24', 'Pallekelle', 37, 6, 0, '', '2026-01-18 05:58:47', '2026-01-18 05:58:47'),
(262, '2026-02-24', 'Pallekelle', 38, 6, 1, '', '2026-01-18 05:58:47', '2026-01-18 05:58:47'),
(263, '2026-02-24', 'Pallekelle', 39, 6, 1, '', '2026-01-18 05:58:47', '2026-01-18 05:58:47'),
(264, '2026-02-24', 'Pallekelle', 40, 5, 1, '', '2026-01-18 05:58:47', '2026-01-18 05:58:47'),
(265, '2026-02-24', 'Pallekelle', 41, 5, 1, '', '2026-01-18 05:58:47', '2026-01-18 05:58:47'),
(266, '2026-02-24', 'Pallekelle', 42, 5, 1, '', '2026-01-18 05:58:47', '2026-01-18 05:58:47'),
(267, '2026-02-24', 'Pallekelle', 43, 5, 1, '', '2026-01-18 05:58:47', '2026-01-18 05:58:47'),
(268, '2026-02-24', 'Pallekelle', 44, 5, 0, '', '2026-01-18 05:58:47', '2026-01-18 05:58:47'),
(269, '2026-02-24', 'Pallekelle', 45, 5, 1, '', '2026-01-18 05:58:47', '2026-01-18 05:58:47'),
(270, '2026-02-24', 'Pallekelle', 46, 5, 1, '', '2026-01-18 05:58:47', '2026-01-18 05:58:47'),
(271, '2026-02-24', 'Pallekelle', 47, 5, 1, '', '2026-01-18 05:58:47', '2026-01-18 05:58:47'),
(272, '2026-02-24', 'Pallekelle', 48, 5, 0, '', '2026-01-18 05:58:47', '2026-01-18 05:58:47'),
(273, '2026-02-24', 'Pallekelle', 49, 5, 1, '', '2026-01-18 05:58:47', '2026-01-18 05:58:47'),
(274, '2026-02-24', 'Pallekelle', 50, 5, 1, '', '2026-01-18 05:58:47', '2026-01-18 05:58:47'),
(275, '2026-02-24', 'Pallekelle', 51, 4, 1, '', '2026-01-18 05:58:47', '2026-01-18 05:58:47'),
(276, '2026-02-24', 'Pallekelle', 52, 4, 0, '', '2026-01-18 05:58:47', '2026-01-18 05:58:47'),
(277, '2026-02-24', 'Pallekelle', 53, 4, 0, '', '2026-01-18 05:58:47', '2026-01-18 05:58:47'),
(278, '2026-02-24', 'Pallekelle', 54, 4, 1, '', '2026-01-18 05:58:47', '2026-01-18 05:58:47'),
(279, '2026-02-24', 'Pallekelle', 55, 4, 0, '', '2026-01-18 05:58:47', '2026-01-18 05:58:47'),
(280, '2026-02-24', 'Pallekelle', 56, 4, 1, '', '2026-01-18 05:58:47', '2026-01-18 05:58:47'),
(281, '2026-02-24', 'Pallekelle', 57, 4, 0, '', '2026-01-18 05:58:47', '2026-01-18 05:58:47'),
(282, '2026-02-24', 'Pallekelle', 58, 4, 1, '', '2026-01-18 05:58:47', '2026-01-18 05:58:47'),
(283, '2026-02-24', 'Pallekelle', 59, 4, 0, '', '2026-01-18 05:58:47', '2026-01-18 05:58:47'),
(284, '2026-02-24', 'Pallekelle', 60, 4, 0, '', '2026-01-18 05:58:47', '2026-01-18 05:58:47'),
(285, '2026-02-24', 'Pallekelle', 61, 4, 0, '', '2026-01-18 05:58:47', '2026-01-18 05:58:47'),
(286, '2026-02-24', 'Pallekelle', 62, 4, 0, '', '2026-01-18 05:58:47', '2026-01-18 05:58:47'),
(287, '2026-02-24', 'Pallekelle', 63, 4, 1, '', '2026-01-18 05:58:47', '2026-01-18 05:58:47'),
(288, '2026-02-24', 'Pallekelle', 64, 8, 0, '', '2026-01-18 05:58:47', '2026-01-18 05:58:47'),
(289, '2026-02-24', 'Pallekelle', 65, 8, 1, '', '2026-01-18 05:58:47', '2026-01-18 05:58:47'),
(290, '2026-02-24', 'Pallekelle', 66, 8, 0, '', '2026-01-18 05:58:47', '2026-01-18 05:58:47'),
(291, '2026-02-24', 'Pallekelle', 67, 8, 1, '', '2026-01-18 05:58:47', '2026-01-18 05:58:47'),
(292, '2026-02-24', 'Pallekelle', 68, 8, 0, '', '2026-01-18 05:58:47', '2026-01-18 05:58:47'),
(293, '2026-02-24', 'Pallekelle', 69, 8, 0, '', '2026-01-18 05:58:47', '2026-01-18 05:58:47'),
(294, '2026-02-24', 'Pallekelle', 70, 7, 1, '', '2026-01-18 05:58:47', '2026-01-18 05:58:47'),
(295, '2026-02-24', 'Pallekelle', 71, 7, 1, '', '2026-01-18 05:58:47', '2026-01-18 05:58:47'),
(296, '2026-02-24', 'Pallekelle', 72, 7, 1, '', '2026-01-18 05:58:47', '2026-01-18 05:58:47'),
(297, '2026-02-24', 'Pallekelle', 73, 7, 0, '', '2026-01-18 05:58:47', '2026-01-18 05:58:47'),
(298, '2026-02-24', 'Pallekelle', 74, 7, 0, '', '2026-01-18 05:58:47', '2026-01-18 05:58:47'),
(299, '2026-02-24', 'Pallekelle', 75, 7, 1, '', '2026-01-18 05:58:47', '2026-01-18 05:58:47'),
(300, '2026-02-23', 'Pallekelle', 1, 1, 0, '', '2026-02-24 13:24:12', '2026-02-24 13:24:12'),
(301, '2026-02-23', 'Pallekelle', 2, 1, 0, '', '2026-02-24 13:24:12', '2026-02-24 13:24:12'),
(302, '2026-02-23', 'Pallekelle', 3, 1, 0, '', '2026-02-24 13:24:12', '2026-02-24 13:24:12'),
(303, '2026-02-23', 'Pallekelle', 4, 1, 0, '', '2026-02-24 13:24:12', '2026-02-24 13:24:12'),
(304, '2026-02-23', 'Pallekelle', 5, 1, 1, '', '2026-02-24 13:24:12', '2026-02-24 13:24:12'),
(305, '2026-02-23', 'Pallekelle', 6, 1, 1, '', '2026-02-24 13:24:12', '2026-02-24 13:24:12'),
(306, '2026-02-23', 'Pallekelle', 7, 1, 1, '', '2026-02-24 13:24:12', '2026-02-24 13:24:12'),
(307, '2026-02-23', 'Pallekelle', 8, 1, 1, '', '2026-02-24 13:24:12', '2026-02-24 13:24:12'),
(308, '2026-02-23', 'Pallekelle', 9, 1, 0, '', '2026-02-24 13:24:12', '2026-02-24 13:24:12'),
(309, '2026-02-23', 'Pallekelle', 10, 1, 0, '', '2026-02-24 13:24:12', '2026-02-24 13:24:12'),
(310, '2026-02-23', 'Pallekelle', 11, 1, 1, '', '2026-02-24 13:24:12', '2026-02-24 13:24:12'),
(311, '2026-02-23', 'Pallekelle', 12, 1, 1, '', '2026-02-24 13:24:12', '2026-02-24 13:24:12'),
(312, '2026-02-23', 'Pallekelle', 13, 1, 0, '', '2026-02-24 13:24:12', '2026-02-24 13:24:12'),
(313, '2026-02-23', 'Pallekelle', 14, 1, 1, '', '2026-02-24 13:24:12', '2026-02-24 13:24:12'),
(314, '2026-02-23', 'Pallekelle', 15, 2, 0, '', '2026-02-24 13:24:12', '2026-02-24 13:24:12'),
(315, '2026-02-23', 'Pallekelle', 16, 2, 0, '', '2026-02-24 13:24:12', '2026-02-24 13:24:12'),
(316, '2026-02-23', 'Pallekelle', 17, 2, 0, '', '2026-02-24 13:24:12', '2026-02-24 13:24:12'),
(317, '2026-02-23', 'Pallekelle', 18, 2, 0, '', '2026-02-24 13:24:12', '2026-02-24 13:24:12'),
(318, '2026-02-23', 'Pallekelle', 19, 2, 0, '', '2026-02-24 13:24:12', '2026-02-24 13:24:12'),
(319, '2026-02-23', 'Pallekelle', 20, 2, 1, '', '2026-02-24 13:24:12', '2026-02-24 13:24:12'),
(320, '2026-02-23', 'Pallekelle', 21, 2, 0, '', '2026-02-24 13:24:12', '2026-02-24 13:24:12'),
(321, '2026-02-23', 'Pallekelle', 22, 2, 1, '', '2026-02-24 13:24:12', '2026-02-24 13:24:12'),
(322, '2026-02-23', 'Pallekelle', 23, 2, 1, '', '2026-02-24 13:24:12', '2026-02-24 13:24:12'),
(323, '2026-02-23', 'Pallekelle', 24, 2, 0, '', '2026-02-24 13:24:12', '2026-02-24 13:24:12'),
(324, '2026-02-23', 'Pallekelle', 25, 2, 1, '', '2026-02-24 13:24:12', '2026-02-24 13:24:12'),
(325, '2026-02-23', 'Pallekelle', 26, 2, 0, '', '2026-02-24 13:24:12', '2026-02-24 13:24:12'),
(326, '2026-02-23', 'Pallekelle', 27, 3, 1, '', '2026-02-24 13:24:12', '2026-02-24 13:24:12'),
(327, '2026-02-23', 'Pallekelle', 28, 3, 0, '', '2026-02-24 13:24:12', '2026-02-24 13:24:12'),
(328, '2026-02-23', 'Pallekelle', 29, 3, 1, '', '2026-02-24 13:24:12', '2026-02-24 13:24:12'),
(329, '2026-02-23', 'Pallekelle', 30, 3, 1, '', '2026-02-24 13:24:12', '2026-02-24 13:24:12'),
(330, '2026-02-23', 'Pallekelle', 31, 3, 0, '', '2026-02-24 13:24:12', '2026-02-24 13:24:12'),
(331, '2026-02-23', 'Pallekelle', 32, 3, 0, '', '2026-02-24 13:24:12', '2026-02-24 13:24:12'),
(332, '2026-02-23', 'Pallekelle', 33, 3, 0, '', '2026-02-24 13:24:12', '2026-02-24 13:24:12'),
(333, '2026-02-23', 'Pallekelle', 34, 6, 1, '', '2026-02-24 13:24:12', '2026-02-24 13:24:12'),
(334, '2026-02-23', 'Pallekelle', 35, 6, 0, '', '2026-02-24 13:24:12', '2026-02-24 13:24:12'),
(335, '2026-02-23', 'Pallekelle', 36, 6, 0, '', '2026-02-24 13:24:12', '2026-02-24 13:24:12'),
(336, '2026-02-23', 'Pallekelle', 37, 6, 0, '', '2026-02-24 13:24:12', '2026-02-24 13:24:12'),
(337, '2026-02-23', 'Pallekelle', 38, 6, 1, '', '2026-02-24 13:24:12', '2026-02-24 13:24:12'),
(338, '2026-02-23', 'Pallekelle', 39, 6, 1, '', '2026-02-24 13:24:12', '2026-02-24 13:24:12'),
(339, '2026-02-23', 'Pallekelle', 40, 5, 0, '', '2026-02-24 13:24:12', '2026-02-24 13:24:12'),
(340, '2026-02-23', 'Pallekelle', 41, 5, 1, '', '2026-02-24 13:24:12', '2026-02-24 13:24:12'),
(341, '2026-02-23', 'Pallekelle', 42, 5, 0, '', '2026-02-24 13:24:12', '2026-02-24 13:24:12'),
(342, '2026-02-23', 'Pallekelle', 43, 5, 1, '', '2026-02-24 13:24:12', '2026-02-24 13:24:12'),
(343, '2026-02-23', 'Pallekelle', 44, 5, 1, '', '2026-02-24 13:24:12', '2026-02-24 13:24:12'),
(344, '2026-02-23', 'Pallekelle', 45, 5, 1, '', '2026-02-24 13:24:12', '2026-02-24 13:24:12'),
(345, '2026-02-23', 'Pallekelle', 46, 5, 0, '', '2026-02-24 13:24:12', '2026-02-24 13:24:12'),
(346, '2026-02-23', 'Pallekelle', 47, 5, 1, '', '2026-02-24 13:24:12', '2026-02-24 13:24:12'),
(347, '2026-02-23', 'Pallekelle', 48, 5, 0, '', '2026-02-24 13:24:12', '2026-02-24 13:24:12'),
(348, '2026-02-23', 'Pallekelle', 49, 5, 0, '', '2026-02-24 13:24:12', '2026-02-24 13:24:12'),
(349, '2026-02-23', 'Pallekelle', 50, 5, 0, '', '2026-02-24 13:24:12', '2026-02-24 13:24:12'),
(350, '2026-02-23', 'Pallekelle', 51, 4, 1, '', '2026-02-24 13:24:12', '2026-02-24 13:24:12'),
(351, '2026-02-23', 'Pallekelle', 52, 4, 0, '', '2026-02-24 13:24:12', '2026-02-24 13:24:12'),
(352, '2026-02-23', 'Pallekelle', 53, 4, 0, '', '2026-02-24 13:24:12', '2026-02-24 13:24:12'),
(353, '2026-02-23', 'Pallekelle', 54, 4, 1, '', '2026-02-24 13:24:12', '2026-02-24 13:24:12'),
(354, '2026-02-23', 'Pallekelle', 55, 4, 0, '', '2026-02-24 13:24:12', '2026-02-24 13:24:12'),
(355, '2026-02-23', 'Pallekelle', 56, 4, 1, '', '2026-02-24 13:24:12', '2026-02-24 13:24:12'),
(356, '2026-02-23', 'Pallekelle', 57, 4, 0, '', '2026-02-24 13:24:12', '2026-02-24 13:24:12'),
(357, '2026-02-23', 'Pallekelle', 58, 4, 1, '', '2026-02-24 13:24:12', '2026-02-24 13:24:12'),
(358, '2026-02-23', 'Pallekelle', 59, 4, 0, '', '2026-02-24 13:24:12', '2026-02-24 13:24:12'),
(359, '2026-02-23', 'Pallekelle', 60, 4, 0, '', '2026-02-24 13:24:12', '2026-02-24 13:24:12'),
(360, '2026-02-23', 'Pallekelle', 61, 4, 0, '', '2026-02-24 13:24:12', '2026-02-24 13:24:12'),
(361, '2026-02-23', 'Pallekelle', 62, 4, 0, '', '2026-02-24 13:24:12', '2026-02-24 13:24:12'),
(362, '2026-02-23', 'Pallekelle', 63, 4, 1, '', '2026-02-24 13:24:12', '2026-02-24 13:24:12'),
(363, '2026-02-23', 'Pallekelle', 64, 8, 0, '', '2026-02-24 13:24:12', '2026-02-24 13:24:12'),
(364, '2026-02-23', 'Pallekelle', 65, 8, 1, '', '2026-02-24 13:24:13', '2026-02-24 13:24:13'),
(365, '2026-02-23', 'Pallekelle', 66, 8, 0, '', '2026-02-24 13:24:13', '2026-02-24 13:24:13'),
(366, '2026-02-23', 'Pallekelle', 67, 8, 0, '', '2026-02-24 13:24:13', '2026-02-24 13:24:13'),
(367, '2026-02-23', 'Pallekelle', 68, 8, 0, '', '2026-02-24 13:24:13', '2026-02-24 13:24:13'),
(368, '2026-02-23', 'Pallekelle', 69, 8, 0, '', '2026-02-24 13:24:13', '2026-02-24 13:24:13'),
(369, '2026-02-23', 'Pallekelle', 70, 7, 1, '', '2026-02-24 13:24:13', '2026-02-24 13:24:13'),
(370, '2026-02-23', 'Pallekelle', 71, 7, 1, '', '2026-02-24 13:24:13', '2026-02-24 13:24:13'),
(371, '2026-02-23', 'Pallekelle', 72, 7, 1, '', '2026-02-24 13:24:13', '2026-02-24 13:24:13'),
(372, '2026-02-23', 'Pallekelle', 73, 7, 1, '', '2026-02-24 13:24:13', '2026-02-24 13:24:13'),
(373, '2026-02-23', 'Pallekelle', 74, 7, 0, '', '2026-02-24 13:24:13', '2026-02-24 13:24:13'),
(374, '2026-02-23', 'Pallekelle', 75, 7, 1, '', '2026-02-24 13:24:13', '2026-02-24 13:24:13'),
(375, '2026-02-19', 'Pallekelle', 1, 1, 1, '', '2026-02-24 13:41:26', '2026-02-24 13:41:26'),
(376, '2026-02-19', 'Pallekelle', 2, 1, 1, '', '2026-02-24 13:41:26', '2026-02-24 13:41:26'),
(377, '2026-02-19', 'Pallekelle', 3, 1, 1, '', '2026-02-24 13:41:26', '2026-02-24 13:41:26'),
(378, '2026-02-19', 'Pallekelle', 4, 1, 1, '', '2026-02-24 13:41:26', '2026-02-24 13:41:26'),
(379, '2026-02-19', 'Pallekelle', 5, 1, 1, '', '2026-02-24 13:41:26', '2026-02-24 13:41:26'),
(380, '2026-02-19', 'Pallekelle', 6, 1, 1, '', '2026-02-24 13:41:26', '2026-02-24 13:41:26'),
(381, '2026-02-19', 'Pallekelle', 7, 1, 1, '', '2026-02-24 13:41:26', '2026-02-24 13:41:26'),
(382, '2026-02-19', 'Pallekelle', 8, 1, 1, '', '2026-02-24 13:41:26', '2026-02-24 13:41:26'),
(383, '2026-02-19', 'Pallekelle', 9, 1, 0, '', '2026-02-24 13:41:26', '2026-02-24 13:41:26'),
(384, '2026-02-19', 'Pallekelle', 10, 1, 0, '', '2026-02-24 13:41:26', '2026-02-24 13:41:26'),
(385, '2026-02-19', 'Pallekelle', 11, 1, 1, '', '2026-02-24 13:41:26', '2026-02-24 13:41:26'),
(386, '2026-02-19', 'Pallekelle', 12, 1, 0, '', '2026-02-24 13:41:26', '2026-02-24 13:41:26'),
(387, '2026-02-19', 'Pallekelle', 13, 1, 1, '', '2026-02-24 13:41:26', '2026-02-24 13:41:26'),
(388, '2026-02-19', 'Pallekelle', 14, 1, 1, '', '2026-02-24 13:41:26', '2026-02-24 13:41:26'),
(389, '2026-02-19', 'Pallekelle', 15, 2, 1, '', '2026-02-24 13:41:26', '2026-02-24 13:41:26'),
(390, '2026-02-19', 'Pallekelle', 16, 2, 0, '', '2026-02-24 13:41:26', '2026-02-24 13:41:26'),
(391, '2026-02-19', 'Pallekelle', 17, 2, 1, '', '2026-02-24 13:41:26', '2026-02-24 13:41:26'),
(392, '2026-02-19', 'Pallekelle', 18, 2, 0, '', '2026-02-24 13:41:26', '2026-02-24 13:41:26'),
(393, '2026-02-19', 'Pallekelle', 19, 2, 1, '', '2026-02-24 13:41:26', '2026-02-24 13:41:26'),
(394, '2026-02-19', 'Pallekelle', 20, 2, 1, '', '2026-02-24 13:41:26', '2026-02-24 13:41:26'),
(395, '2026-02-19', 'Pallekelle', 21, 2, 0, '', '2026-02-24 13:41:26', '2026-02-24 13:41:26'),
(396, '2026-02-19', 'Pallekelle', 22, 2, 1, '', '2026-02-24 13:41:26', '2026-02-24 13:41:26'),
(397, '2026-02-19', 'Pallekelle', 23, 2, 0, '', '2026-02-24 13:41:26', '2026-02-24 13:41:26'),
(398, '2026-02-19', 'Pallekelle', 24, 2, 0, '', '2026-02-24 13:41:26', '2026-02-24 13:41:26'),
(399, '2026-02-19', 'Pallekelle', 25, 2, 1, '', '2026-02-24 13:41:26', '2026-02-24 13:41:26'),
(400, '2026-02-19', 'Pallekelle', 26, 2, 1, '', '2026-02-24 13:41:26', '2026-02-24 13:41:26'),
(401, '2026-02-19', 'Pallekelle', 27, 3, 1, '', '2026-02-24 13:41:26', '2026-02-24 13:41:26'),
(402, '2026-02-19', 'Pallekelle', 28, 3, 0, '', '2026-02-24 13:41:26', '2026-02-24 13:41:26'),
(403, '2026-02-19', 'Pallekelle', 29, 3, 0, '', '2026-02-24 13:41:26', '2026-02-24 13:41:26'),
(404, '2026-02-19', 'Pallekelle', 30, 3, 1, '', '2026-02-24 13:41:26', '2026-02-24 13:41:26'),
(405, '2026-02-19', 'Pallekelle', 31, 3, 1, '', '2026-02-24 13:41:26', '2026-02-24 13:41:26'),
(406, '2026-02-19', 'Pallekelle', 32, 3, 0, '', '2026-02-24 13:41:26', '2026-02-24 13:41:26'),
(407, '2026-02-19', 'Pallekelle', 33, 3, 0, '', '2026-02-24 13:41:26', '2026-02-24 13:41:26'),
(408, '2026-02-19', 'Pallekelle', 34, 6, 1, '', '2026-02-24 13:41:26', '2026-02-24 13:41:26'),
(409, '2026-02-19', 'Pallekelle', 35, 6, 0, '', '2026-02-24 13:41:26', '2026-02-24 13:41:26'),
(410, '2026-02-19', 'Pallekelle', 36, 6, 0, '', '2026-02-24 13:41:26', '2026-02-24 13:41:26'),
(411, '2026-02-19', 'Pallekelle', 37, 6, 0, '', '2026-02-24 13:41:26', '2026-02-24 13:41:26'),
(412, '2026-02-19', 'Pallekelle', 38, 6, 1, '', '2026-02-24 13:41:26', '2026-02-24 13:41:26'),
(413, '2026-02-19', 'Pallekelle', 39, 6, 1, '', '2026-02-24 13:41:26', '2026-02-24 13:41:26'),
(414, '2026-02-19', 'Pallekelle', 40, 5, 1, '', '2026-02-24 13:41:26', '2026-02-24 13:41:26'),
(415, '2026-02-19', 'Pallekelle', 41, 5, 1, '', '2026-02-24 13:41:26', '2026-02-24 13:41:26'),
(416, '2026-02-19', 'Pallekelle', 42, 5, 1, '', '2026-02-24 13:41:26', '2026-02-24 13:41:26'),
(417, '2026-02-19', 'Pallekelle', 43, 5, 1, '', '2026-02-24 13:41:26', '2026-02-24 13:41:26'),
(418, '2026-02-19', 'Pallekelle', 44, 5, 0, '', '2026-02-24 13:41:26', '2026-02-24 13:41:26'),
(419, '2026-02-19', 'Pallekelle', 45, 5, 1, '', '2026-02-24 13:41:26', '2026-02-24 13:41:26'),
(420, '2026-02-19', 'Pallekelle', 46, 5, 1, '', '2026-02-24 13:41:26', '2026-02-24 13:41:26'),
(421, '2026-02-19', 'Pallekelle', 47, 5, 1, '', '2026-02-24 13:41:26', '2026-02-24 13:41:26'),
(422, '2026-02-19', 'Pallekelle', 48, 5, 0, '', '2026-02-24 13:41:26', '2026-02-24 13:41:26'),
(423, '2026-02-19', 'Pallekelle', 49, 5, 1, '', '2026-02-24 13:41:26', '2026-02-24 13:41:26'),
(424, '2026-02-19', 'Pallekelle', 50, 5, 1, '', '2026-02-24 13:41:26', '2026-02-24 13:41:26'),
(425, '2026-02-19', 'Pallekelle', 51, 4, 1, '', '2026-02-24 13:41:26', '2026-02-24 13:41:26'),
(426, '2026-02-19', 'Pallekelle', 52, 4, 1, '', '2026-02-24 13:41:26', '2026-02-24 13:41:26'),
(427, '2026-02-19', 'Pallekelle', 53, 4, 0, '', '2026-02-24 13:41:26', '2026-02-24 13:41:26'),
(428, '2026-02-19', 'Pallekelle', 54, 4, 1, '', '2026-02-24 13:41:26', '2026-02-24 13:41:26'),
(429, '2026-02-19', 'Pallekelle', 55, 4, 1, '', '2026-02-24 13:41:26', '2026-02-24 13:41:26'),
(430, '2026-02-19', 'Pallekelle', 56, 4, 1, '', '2026-02-24 13:41:26', '2026-02-24 13:41:26'),
(431, '2026-02-19', 'Pallekelle', 57, 4, 0, '', '2026-02-24 13:41:26', '2026-02-24 13:41:26'),
(432, '2026-02-19', 'Pallekelle', 58, 4, 1, '', '2026-02-24 13:41:26', '2026-02-24 13:41:26'),
(433, '2026-02-19', 'Pallekelle', 59, 4, 0, '', '2026-02-24 13:41:26', '2026-02-24 13:41:26'),
(434, '2026-02-19', 'Pallekelle', 60, 4, 0, '', '2026-02-24 13:41:26', '2026-02-24 13:41:26'),
(435, '2026-02-19', 'Pallekelle', 61, 4, 0, '', '2026-02-24 13:41:26', '2026-02-24 13:41:26'),
(436, '2026-02-19', 'Pallekelle', 62, 4, 0, '', '2026-02-24 13:41:26', '2026-02-24 13:41:26'),
(437, '2026-02-19', 'Pallekelle', 64, 8, 1, '', '2026-02-24 13:41:26', '2026-02-24 13:41:26'),
(438, '2026-02-19', 'Pallekelle', 65, 8, 1, '', '2026-02-24 13:41:26', '2026-02-24 13:41:26'),
(439, '2026-02-19', 'Pallekelle', 66, 8, 0, '', '2026-02-24 13:41:26', '2026-02-24 13:41:26'),
(440, '2026-02-19', 'Pallekelle', 67, 8, 0, '', '2026-02-24 13:41:26', '2026-02-24 13:41:26'),
(441, '2026-02-19', 'Pallekelle', 68, 8, 0, '', '2026-02-24 13:41:26', '2026-02-24 13:41:26'),
(442, '2026-02-19', 'Pallekelle', 69, 8, 0, '', '2026-02-24 13:41:26', '2026-02-24 13:41:26'),
(443, '2026-02-19', 'Pallekelle', 70, 7, 1, '', '2026-02-24 13:41:26', '2026-02-24 13:41:26'),
(444, '2026-02-19', 'Pallekelle', 71, 7, 0, '', '2026-02-24 13:41:26', '2026-02-24 13:41:26'),
(445, '2026-02-19', 'Pallekelle', 72, 7, 1, '', '2026-02-24 13:41:26', '2026-02-24 13:41:26'),
(446, '2026-02-19', 'Pallekelle', 73, 7, 0, '', '2026-02-24 13:41:26', '2026-02-24 13:41:26'),
(447, '2026-02-19', 'Pallekelle', 74, 7, 0, '', '2026-02-24 13:41:26', '2026-02-24 13:41:26'),
(448, '2026-02-19', 'Pallekelle', 75, 7, 1, '', '2026-02-24 13:41:26', '2026-02-24 13:41:26'),
(449, '2026-02-25', 'Pallekelle', 1, 1, 1, '', '2026-02-25 14:32:24', '2026-02-25 14:32:24'),
(450, '2026-02-25', 'Pallekelle', 2, 1, 1, '', '2026-02-25 14:32:24', '2026-02-25 14:32:24'),
(451, '2026-02-25', 'Pallekelle', 3, 1, 0, '', '2026-02-25 14:32:24', '2026-02-25 14:32:24'),
(452, '2026-02-25', 'Pallekelle', 4, 1, 0, '', '2026-02-25 14:32:24', '2026-02-25 14:32:24'),
(453, '2026-02-25', 'Pallekelle', 5, 1, 1, '', '2026-02-25 14:32:24', '2026-02-25 14:32:24'),
(454, '2026-02-25', 'Pallekelle', 6, 1, 1, '', '2026-02-25 14:32:24', '2026-02-25 14:32:24'),
(455, '2026-02-25', 'Pallekelle', 7, 1, 1, '', '2026-02-25 14:32:24', '2026-02-25 14:32:24'),
(456, '2026-02-25', 'Pallekelle', 8, 1, 1, '', '2026-02-25 14:32:24', '2026-02-25 14:32:24'),
(457, '2026-02-25', 'Pallekelle', 9, 1, 0, '', '2026-02-25 14:32:24', '2026-02-25 14:32:24'),
(458, '2026-02-25', 'Pallekelle', 10, 1, 0, '', '2026-02-25 14:32:24', '2026-02-25 14:32:24'),
(459, '2026-02-25', 'Pallekelle', 11, 1, 1, '', '2026-02-25 14:32:24', '2026-02-25 14:32:24'),
(460, '2026-02-25', 'Pallekelle', 12, 1, 1, '', '2026-02-25 14:32:24', '2026-02-25 14:32:24'),
(461, '2026-02-25', 'Pallekelle', 13, 1, 0, '', '2026-02-25 14:32:24', '2026-02-25 14:32:24'),
(462, '2026-02-25', 'Pallekelle', 14, 1, 1, '', '2026-02-25 14:32:24', '2026-02-25 14:32:24'),
(463, '2026-02-25', 'Pallekelle', 15, 2, 0, '', '2026-02-25 14:32:24', '2026-02-25 14:32:24'),
(464, '2026-02-25', 'Pallekelle', 16, 2, 0, '', '2026-02-25 14:32:24', '2026-02-25 14:32:24'),
(465, '2026-02-25', 'Pallekelle', 17, 2, 0, '', '2026-02-25 14:32:24', '2026-02-25 14:32:24'),
(466, '2026-02-25', 'Pallekelle', 18, 2, 0, '', '2026-02-25 14:32:24', '2026-02-25 14:32:24'),
(467, '2026-02-25', 'Pallekelle', 19, 2, 0, '', '2026-02-25 14:32:24', '2026-02-25 14:32:24'),
(468, '2026-02-25', 'Pallekelle', 20, 2, 1, '', '2026-02-25 14:32:24', '2026-02-25 14:32:24'),
(469, '2026-02-25', 'Pallekelle', 21, 2, 0, '', '2026-02-25 14:32:24', '2026-02-25 14:32:24'),
(470, '2026-02-25', 'Pallekelle', 22, 2, 1, '', '2026-02-25 14:32:24', '2026-02-25 14:32:24'),
(471, '2026-02-25', 'Pallekelle', 23, 2, 1, '', '2026-02-25 14:32:24', '2026-02-25 14:32:24'),
(472, '2026-02-25', 'Pallekelle', 24, 2, 0, '', '2026-02-25 14:32:24', '2026-02-25 14:32:24'),
(473, '2026-02-25', 'Pallekelle', 25, 2, 1, '', '2026-02-25 14:32:24', '2026-02-25 14:32:24'),
(474, '2026-02-25', 'Pallekelle', 26, 2, 0, '', '2026-02-25 14:32:24', '2026-02-25 14:32:24'),
(475, '2026-02-25', 'Pallekelle', 27, 3, 0, '', '2026-02-25 14:32:24', '2026-02-25 14:32:24'),
(476, '2026-02-25', 'Pallekelle', 28, 3, 0, '', '2026-02-25 14:32:24', '2026-02-25 14:32:24'),
(477, '2026-02-25', 'Pallekelle', 29, 3, 1, '', '2026-02-25 14:32:24', '2026-02-25 14:32:24'),
(478, '2026-02-25', 'Pallekelle', 30, 3, 1, '', '2026-02-25 14:32:24', '2026-02-25 14:32:24'),
(479, '2026-02-25', 'Pallekelle', 31, 3, 1, '', '2026-02-25 14:32:24', '2026-02-25 14:32:24'),
(480, '2026-02-25', 'Pallekelle', 32, 3, 0, '', '2026-02-25 14:32:24', '2026-02-25 14:32:24'),
(481, '2026-02-25', 'Pallekelle', 33, 3, 0, '', '2026-02-25 14:32:24', '2026-02-25 14:32:24'),
(482, '2026-02-25', 'Pallekelle', 34, 6, 1, '', '2026-02-25 14:32:24', '2026-02-25 14:32:24'),
(483, '2026-02-25', 'Pallekelle', 35, 6, 1, '', '2026-02-25 14:32:24', '2026-02-25 14:32:24'),
(484, '2026-02-25', 'Pallekelle', 36, 6, 0, '', '2026-02-25 14:32:24', '2026-02-25 14:32:24'),
(485, '2026-02-25', 'Pallekelle', 37, 6, 0, '', '2026-02-25 14:32:24', '2026-02-25 14:32:24'),
(486, '2026-02-25', 'Pallekelle', 38, 6, 1, '', '2026-02-25 14:32:24', '2026-02-25 14:32:24'),
(487, '2026-02-25', 'Pallekelle', 39, 6, 1, '', '2026-02-25 14:32:24', '2026-02-25 14:32:24'),
(488, '2026-02-25', 'Pallekelle', 40, 5, 1, '', '2026-02-25 14:32:24', '2026-02-25 14:32:24'),
(489, '2026-02-25', 'Pallekelle', 41, 5, 1, '', '2026-02-25 14:32:24', '2026-02-25 14:32:24'),
(490, '2026-02-25', 'Pallekelle', 42, 5, 0, '', '2026-02-25 14:32:24', '2026-02-25 14:32:24'),
(491, '2026-02-25', 'Pallekelle', 43, 5, 1, '', '2026-02-25 14:32:24', '2026-02-25 14:32:24'),
(492, '2026-02-25', 'Pallekelle', 44, 5, 0, '', '2026-02-25 14:32:24', '2026-02-25 14:32:24'),
(493, '2026-02-25', 'Pallekelle', 45, 5, 1, '', '2026-02-25 14:32:24', '2026-02-25 14:32:24'),
(494, '2026-02-25', 'Pallekelle', 46, 5, 1, '', '2026-02-25 14:32:24', '2026-02-25 14:32:24'),
(495, '2026-02-25', 'Pallekelle', 47, 5, 1, '', '2026-02-25 14:32:24', '2026-02-25 14:32:24'),
(496, '2026-02-25', 'Pallekelle', 48, 5, 0, '', '2026-02-25 14:32:24', '2026-02-25 14:32:24'),
(497, '2026-02-25', 'Pallekelle', 49, 5, 1, '', '2026-02-25 14:32:24', '2026-02-25 14:32:24'),
(498, '2026-02-25', 'Pallekelle', 50, 5, 0, '', '2026-02-25 14:32:24', '2026-02-25 14:32:24'),
(499, '2026-02-25', 'Pallekelle', 51, 4, 1, '', '2026-02-25 14:32:24', '2026-02-25 14:32:24'),
(500, '2026-02-25', 'Pallekelle', 52, 4, 1, '', '2026-02-25 14:32:24', '2026-02-25 14:32:24'),
(501, '2026-02-25', 'Pallekelle', 53, 4, 0, '', '2026-02-25 14:32:24', '2026-02-25 14:32:24'),
(502, '2026-02-25', 'Pallekelle', 54, 4, 0, '', '2026-02-25 14:32:24', '2026-02-25 14:32:24'),
(503, '2026-02-25', 'Pallekelle', 55, 4, 1, '', '2026-02-25 14:32:24', '2026-02-25 14:32:24'),
(504, '2026-02-25', 'Pallekelle', 56, 4, 1, '', '2026-02-25 14:32:24', '2026-02-25 14:32:24'),
(505, '2026-02-25', 'Pallekelle', 57, 4, 0, '', '2026-02-25 14:32:24', '2026-02-25 14:32:24'),
(506, '2026-02-25', 'Pallekelle', 58, 4, 1, '', '2026-02-25 14:32:24', '2026-02-25 14:32:24'),
(507, '2026-02-25', 'Pallekelle', 59, 4, 0, '', '2026-02-25 14:32:24', '2026-02-25 14:32:24'),
(508, '2026-02-25', 'Pallekelle', 60, 4, 0, '', '2026-02-25 14:32:24', '2026-02-25 14:32:24'),
(509, '2026-02-25', 'Pallekelle', 61, 4, 0, '', '2026-02-25 14:32:24', '2026-02-25 14:32:24'),
(510, '2026-02-25', 'Pallekelle', 62, 4, 0, '', '2026-02-25 14:32:24', '2026-02-25 14:32:24'),
(511, '2026-02-25', 'Pallekelle', 63, 4, 1, '', '2026-02-25 14:32:24', '2026-02-25 14:32:24'),
(512, '2026-02-25', 'Pallekelle', 64, 8, 0, '', '2026-02-25 14:32:24', '2026-02-25 14:32:24'),
(513, '2026-02-25', 'Pallekelle', 65, 8, 1, '', '2026-02-25 14:32:24', '2026-02-25 14:32:24'),
(514, '2026-02-25', 'Pallekelle', 66, 8, 0, '', '2026-02-25 14:32:24', '2026-02-25 14:32:24'),
(515, '2026-02-25', 'Pallekelle', 67, 8, 0, '', '2026-02-25 14:32:24', '2026-02-25 14:32:24'),
(516, '2026-02-25', 'Pallekelle', 68, 8, 0, '', '2026-02-25 14:32:24', '2026-02-25 14:32:24'),
(517, '2026-02-25', 'Pallekelle', 69, 8, 0, '', '2026-02-25 14:32:24', '2026-02-25 14:32:24'),
(518, '2026-02-25', 'Pallekelle', 70, 7, 1, '', '2026-02-25 14:32:24', '2026-02-25 14:32:24'),
(519, '2026-02-25', 'Pallekelle', 71, 7, 1, '', '2026-02-25 14:32:24', '2026-02-25 14:32:24'),
(520, '2026-02-25', 'Pallekelle', 72, 7, 1, '', '2026-02-25 14:32:24', '2026-02-25 14:32:24'),
(521, '2026-02-25', 'Pallekelle', 73, 7, 1, '', '2026-02-25 14:32:24', '2026-02-25 14:32:24'),
(522, '2026-02-25', 'Pallekelle', 74, 7, 0, '', '2026-02-25 14:32:24', '2026-02-25 14:32:24'),
(523, '2026-02-25', 'Pallekelle', 75, 7, 1, '', '2026-02-25 14:32:24', '2026-02-25 14:32:24');

-- --------------------------------------------------------

--
-- Table structure for table `contractors`
--

CREATE TABLE `contractors` (
  `id` int(11) NOT NULL,
  `group_id` int(11) NOT NULL,
  `sequence_no` int(11) NOT NULL COMMENT 'Row number within the group',
  `full_name` varchar(200) NOT NULL,
  `is_active` tinyint(1) DEFAULT '1',
  `created_at` timestamp NULL DEFAULT CURRENT_TIMESTAMP
) ENGINE=InnoDB DEFAULT CHARSET=utf8mb4;

--
-- Dumping data for table `contractors`
--

INSERT INTO `contractors` (`id`, `group_id`, `sequence_no`, `full_name`, `is_active`, `created_at`) VALUES
(1, 1, 1, 'Wanigasekara', 1, '2026-01-16 14:18:44'),
(2, 1, 2, 'L.R.P.H.Jayasingha', 1, '2026-01-16 14:18:45'),
(3, 1, 3, 'E.M.Imesh Umayanga', 1, '2026-01-16 14:18:45'),
(4, 1, 4, 'A.M.Madushanka', 1, '2026-01-16 14:18:45'),
(5, 1, 5, 'W.S.M.Alwis', 1, '2026-01-16 14:18:45'),
(6, 1, 6, 'W.A.G.D.Nethsara', 1, '2026-01-16 14:18:45'),
(7, 1, 7, 'T.M.Chaminda Bandara Thennakoon', 1, '2026-01-16 14:18:45'),
(8, 1, 8, 'N.S.Kumara', 1, '2026-01-16 14:18:45'),
(9, 1, 9, 'B.Saminda', 1, '2026-01-16 14:18:45'),
(10, 1, 10, 'L.R.C.K.Jayasingha', 1, '2026-01-16 14:18:45'),
(11, 1, 11, 'M.G.D.N.Maliyadda', 1, '2026-01-16 14:18:45'),
(12, 1, 12, 'M.G.A.Madushan Kumara', 1, '2026-01-16 14:18:45'),
(13, 1, 13, 'H.D.S.D.Perera', 1, '2026-01-16 14:18:45'),
(14, 1, 14, 'B.M.G.R.Mihiranga', 1, '2026-01-16 14:18:45'),
(15, 2, 1, 'M.Amaranath Pushpakumara', 1, '2026-01-16 14:18:45'),
(16, 2, 2, 'W.S.Ananda', 1, '2026-01-16 14:18:45'),
(17, 2, 3, 'R.G.N.S.Samarawickrama', 1, '2026-01-16 14:18:45'),
(18, 2, 4, 'Anil', 1, '2026-01-16 14:18:45'),
(19, 2, 5, 'Asanka', 1, '2026-01-16 14:18:45'),
(20, 2, 6, 'Niluka', 1, '2026-01-16 14:18:45'),
(21, 2, 7, 'Sathish', 1, '2026-01-16 14:18:45'),
(22, 2, 8, 'W.W.M.Ramesh Kavishka', 1, '2026-01-16 14:18:45'),
(23, 2, 9, 'Jeganathan Linosan', 1, '2026-01-16 14:18:45'),
(24, 2, 10, 'Rathnam Sasikumar', 1, '2026-01-16 14:18:45'),
(25, 2, 11, 'S.Rajadorai', 1, '2026-01-16 14:18:45'),
(26, 2, 12, 'L.G.Gagan Samudaya', 1, '2026-01-16 14:18:45'),
(27, 3, 1, 'U.G.Piyatissa', 1, '2026-01-16 14:18:45'),
(28, 3, 2, 'K.N.J.Liyanage', 1, '2026-01-16 14:18:45'),
(29, 3, 3, 'W.M.W.Thilakarathna Bandara', 1, '2026-01-16 14:18:45'),
(30, 3, 4, 'J.S.R.Piyatilaka', 1, '2026-01-16 14:18:45'),
(31, 3, 5, 'G.A.N.Rohana', 1, '2026-01-16 14:18:45'),
(32, 3, 6, 'M.Athula Premathilaka', 1, '2026-01-16 14:18:45'),
(33, 3, 7, 'D.G.U.Jayakodi', 1, '2026-01-16 14:18:45'),
(34, 6, 1, 'Sakariyas Joshap', 1, '2026-01-16 14:18:45'),
(35, 6, 2, 'Yogaraj Manoj', 1, '2026-01-16 14:18:45'),
(36, 6, 3, 'B.W.Ivan', 1, '2026-01-16 14:18:45'),
(37, 6, 4, 'Mohanraj', 1, '2026-01-16 14:18:45'),
(38, 6, 5, 'Y.M.Navindran Lakshan', 1, '2026-01-16 14:18:45'),
(39, 6, 6, 'H.Milroy Perera', 1, '2026-01-16 14:18:45'),
(40, 5, 1, 'A.G.C.Sanjeewa Weerasingha', 1, '2026-01-16 14:18:45'),
(41, 5, 2, 'K.W.G.Sasanka Dilshan', 1, '2026-01-16 14:18:45'),
(42, 5, 3, 'J.Krishanthan', 1, '2026-01-16 14:18:45'),
(43, 5, 4, 'N.Dilshan', 1, '2026-01-16 14:18:45'),
(44, 5, 5, 'Wijesundara', 1, '2026-01-16 14:18:45'),
(45, 5, 6, 'N.Bimsara Wickrama Arachchi', 1, '2026-01-16 14:18:45'),
(46, 5, 7, 'M.M.A.G.K.S.Nimidu Bandara', 1, '2026-01-16 14:18:45'),
(47, 5, 8, 'R.G.P.M.Maduvinda', 1, '2026-01-16 14:18:45'),
(48, 5, 9, 'K.W.G.Nilantha Sanjeewa', 1, '2026-01-16 14:18:45'),
(49, 5, 10, 'Y.L.M.L.Senavirathna', 1, '2026-01-16 14:18:45'),
(50, 5, 11, 'A.M.P.M.Jayathilaka', 1, '2026-01-16 14:18:45'),
(51, 4, 1, 'W.A.Ranjeewa', 1, '2026-01-16 14:18:45'),
(52, 4, 2, 'Supun Kawshalya', 1, '2026-01-16 14:18:45'),
(53, 4, 3, 'Naven', 1, '2026-01-16 14:18:45'),
(54, 4, 4, 'Ranasingha', 1, '2026-01-16 14:18:45'),
(55, 4, 5, 'H.W.R.Lakmal Wedage', 1, '2026-01-16 14:18:45'),
(56, 4, 6, 'Pradeep Eranga', 1, '2026-01-16 14:18:45'),
(57, 4, 7, 'Kavindu Kavishka', 1, '2026-01-16 14:18:45'),
(58, 4, 8, 'Ariyawansa', 1, '2026-01-16 14:18:45'),
(59, 4, 9, 'A.N.Navishka Perera', 1, '2026-01-16 14:18:45'),
(60, 4, 10, 'J.M.K.D.Jayasekara', 1, '2026-01-16 14:18:45'),
(61, 4, 11, 'K.G.C.Hirushan', 1, '2026-01-16 14:18:45'),
(62, 4, 12, 'G.W.G.A.Dasun Kavinda', 1, '2026-01-16 14:18:45'),
(63, 4, 13, 'U.G.S.K.S.Kumarasinghe', 1, '2026-01-16 14:18:45'),
(64, 8, 1, 'K.T.G.Premarathna', 1, '2026-01-16 14:18:45'),
(65, 8, 2, 'P.W.G.D.Maduranga Jayawickrama', 1, '2026-01-16 14:18:45'),
(66, 8, 3, 'Sumith Bandara', 1, '2026-01-16 14:18:45'),
(67, 8, 4, 'E.M.Chamod Harsha', 1, '2026-01-16 14:18:45'),
(68, 8, 5, 'A.M.Udara Lakmal', 1, '2026-01-16 14:18:45'),
(69, 8, 6, 'A.K.N.K.Jayatissa', 1, '2026-01-16 14:18:45'),
(70, 7, 1, 'S.Vikneshwaran', 1, '2026-01-16 14:18:45'),
(71, 7, 2, 'J.D.Sooriyabandara', 1, '2026-01-16 14:18:45'),
(72, 7, 3, 'R.M.Ruwan Rathnayake', 1, '2026-01-16 14:18:45'),
(73, 7, 4, 'Wijekumar', 1, '2026-01-16 14:18:45'),
(74, 7, 5, 'Rajendran Tawanation', 1, '2026-01-16 14:18:45'),
(75, 7, 6, 'V.Indraraja', 1, '2026-01-16 14:18:45'),
(76, 793, 1, 'Sakariyas Joshap', 1, '2026-01-16 14:58:20'),
(78, 793, 2, 'Yogaraj Manoj', 1, '2026-01-16 14:58:44'),
(80, 793, 3, 'B.W.Ivan', 1, '2026-01-16 14:59:03'),
(82, 793, 4, 'Mohanraj', 1, '2026-01-16 14:59:20'),
(83, 1, 10, 'H.A.Upul', 1, '2026-01-17 19:39:37'),
(84, 1, 11, 'Nalaka', 1, '2026-01-17 19:39:37'),
(85, 1, 12, 'Samith Kumara Shanthipala', 1, '2026-01-17 19:39:37'),
(86, 1, 13, 'Chamidu', 1, '2026-01-17 19:39:37'),
(87, 1, 14, 'L.R.C.K.Jayasingha', 1, '2026-01-17 19:39:37'),
(88, 1346, 1, 'J.D.Sooriyabandara', 1, '2026-01-17 19:39:37'),
(89, 1346, 2, 'H.G.N.D.K.Gunarathne', 1, '2026-01-17 19:39:37'),
(90, 1346, 3, 'R.M.Ruwan Rathnayake', 1, '2026-01-17 19:39:37'),
(91, 1346, 4, 'Wijekumar', 1, '2026-01-17 19:39:37'),
(92, 1346, 5, 'Rajendran Tawanation', 1, '2026-01-17 19:39:38'),
(93, 4, 5, 'A.G.R.Prasanna Kumara', 1, '2026-01-17 19:39:38'),
(94, 4, 6, 'K.G.T.Dilhara Weerasekara', 1, '2026-01-17 19:39:38'),
(95, 4, 7, 'H.W.R.Lakmal Wedage', 1, '2026-01-17 19:39:38'),
(96, 4, 8, 'Pradeep Eranga', 1, '2026-01-17 19:39:38'),
(97, 4, 9, 'Kavindu Kavishka', 1, '2026-01-17 19:39:38'),
(98, 4, 10, 'G.N.Ravi Rathnayaka', 1, '2026-01-17 19:39:38'),
(99, 4, 11, 'K.M.A.B.Kulathunga', 1, '2026-01-17 19:39:38'),
(100, 4, 12, 'D.M.R.K.Dissanayaka', 1, '2026-01-17 19:39:38'),
(101, 4, 13, 'D.M.S.Dilshan', 1, '2026-01-17 19:39:38'),
(102, 4, 14, 'R.Lakmal', 1, '2026-01-17 19:39:38'),
(103, 4, 15, 'L.Roshan', 1, '2026-01-17 19:39:38'),
(104, 4, 16, 'Ashan', 1, '2026-01-17 19:39:38'),
(105, 4, 17, 'S.A.A.Saranga', 1, '2026-01-17 19:39:38'),
(106, 4, 18, 'Ariyawansa', 1, '2026-01-17 19:39:38'),
(107, 1347, 1, 'G.W.W.S.N.Kumara De Alwis', 1, '2026-01-17 19:39:38'),
(108, 1347, 2, 'G.M.Sandaruwan Ekanayaka', 1, '2026-01-17 19:39:38'),
(109, 1347, 3, 'Vellaiyan Nitharsan', 1, '2026-01-17 19:39:38'),
(110, 1347, 4, 'Shakthivel Mithulavan', 1, '2026-01-17 19:39:38'),
(111, 1347, 5, 'A.N.Chandana Abeywikkramage', 1, '2026-01-17 19:39:38'),
(112, 1347, 6, 'R.A.M.Gunasena', 1, '2026-01-17 19:39:38'),
(113, 1347, 7, 'W.H.M.Ruwan Kumara', 1, '2026-01-17 19:39:38'),
(114, 1347, 8, 'D.M.T.Sampath Disanayaka', 1, '2026-01-17 19:39:38'),
(115, 1347, 9, 'W.G.J.M.A.K.Jayasingha', 1, '2026-01-17 19:39:38'),
(116, 1347, 10, 'D.M.D.Dilshan', 1, '2026-01-17 19:39:38'),
(117, 1347, 11, 'A.P.R.Lakshan', 1, '2026-01-17 19:39:38');

-- --------------------------------------------------------

--
-- Table structure for table `contractor_groups`
--

CREATE TABLE `contractor_groups` (
  `id` int(11) NOT NULL,
  `group_name` varchar(150) NOT NULL,
  `group_code` varchar(50) DEFAULT NULL,
  `created_at` timestamp NULL DEFAULT CURRENT_TIMESTAMP
) ENGINE=InnoDB DEFAULT CHARSET=utf8mb4;

--
-- Dumping data for table `contractor_groups`
--

INSERT INTO `contractor_groups` (`id`, `group_name`, `group_code`, `created_at`) VALUES
(1, 'L.R.Wanigasekara Group', 'WANIGA', '2026-01-16 13:48:55'),
(2, 'Amaranath - Sand Blasting Group', 'AMARANATH', '2026-01-16 13:48:55'),
(3, 'U.G.P. Manpower Security Service', 'UGP', '2026-01-16 13:48:55'),
(4, 'Ranjeewa Group', 'RANJEEWA', '2026-01-16 13:48:55'),
(5, 'Chamila Sanjeewa Group', 'SANJEEWA', '2026-01-16 13:48:55'),
(6, 'Zacarias Group', 'ZACARIAS', '2026-01-16 13:48:55'),
(7, 'Vikneshwaran Paint Group', 'VIKNESH', '2026-01-16 13:48:55'),
(8, 'Premarathna Paint Group', 'PREMAR', '2026-01-16 13:48:55'),
(793, 'Sakariyas Group', 'SAKRGR', '2026-01-16 14:57:11'),
(1346, 'Paint Group', 'PNTGP1', '2026-01-17 19:39:37'),
(1347, 'Sandun Group', 'SDNGP', '2026-01-17 19:39:38');

-- --------------------------------------------------------

--
-- Table structure for table `dt_attendance_records`
--

CREATE TABLE `dt_attendance_records` (
  `id` int(11) NOT NULL,
  `attendance_date` date NOT NULL,
  `site_name` varchar(100) DEFAULT 'Pallekelle',
  `employee_id` int(11) NOT NULL,
  `category_id` int(11) NOT NULL,
  `is_present` tinyint(1) NOT NULL DEFAULT '0' COMMENT '1=Present,0=Absent',
  `remark` varchar(255) DEFAULT NULL,
  `created_at` timestamp NULL DEFAULT CURRENT_TIMESTAMP,
  `updated_at` timestamp NULL DEFAULT CURRENT_TIMESTAMP ON UPDATE CURRENT_TIMESTAMP
) ENGINE=InnoDB DEFAULT CHARSET=utf8mb4;

--
-- Dumping data for table `dt_attendance_records`
--

INSERT INTO `dt_attendance_records` (`id`, `attendance_date`, `site_name`, `employee_id`, `category_id`, `is_present`, `remark`, `created_at`, `updated_at`) VALUES
(1, '2025-01-29', 'Pallekalle', 1, 2, 1, '', '2026-01-17 22:37:30', '2026-01-17 22:37:30'),
(2, '2025-01-29', 'Pallekalle', 2, 2, 1, '', '2026-01-17 22:37:30', '2026-01-17 22:37:30'),
(3, '2025-01-29', 'Pallekalle', 3, 2, 1, 'Informed Personal', '2026-01-17 22:37:30', '2026-01-17 22:37:30'),
(4, '2025-01-29', 'Pallekalle', 4, 2, 1, '', '2026-01-17 22:37:30', '2026-01-17 22:37:30'),
(5, '2025-01-29', 'Pallekalle', 5, 2, 1, '', '2026-01-17 22:37:30', '2026-01-17 22:37:30'),
(6, '2025-01-29', 'Pallekalle', 6, 2, 1, 'Informed Report At\n9.30 a.m', '2026-01-17 22:37:30', '2026-01-17 22:37:30'),
(7, '2025-01-29', 'Pallekalle', 7, 2, 1, '', '2026-01-17 22:37:30', '2026-01-17 22:37:30'),
(8, '2025-01-29', 'Pallekalle', 8, 2, 1, '', '2026-01-17 22:37:30', '2026-01-17 22:37:30'),
(9, '2025-01-29', 'Pallekalle', 9, 2, 1, '', '2026-01-17 22:37:30', '2026-01-17 22:37:30'),
(10, '2025-01-29', 'Pallekalle', 10, 2, 1, '', '2026-01-17 22:37:30', '2026-01-17 22:37:30'),
(11, '2025-01-29', 'Pallekalle', 11, 2, 1, '', '2026-01-17 22:37:30', '2026-01-17 22:37:30'),
(12, '2025-01-29', 'Pallekalle', 12, 2, 1, '', '2026-01-17 22:37:30', '2026-01-17 22:37:30'),
(13, '2025-01-29', 'Pallekalle', 13, 2, 1, '', '2026-01-17 22:37:30', '2026-01-17 22:37:30'),
(14, '2025-01-29', 'Pallekalle', 14, 2, 1, '', '2026-01-17 22:37:30', '2026-01-17 22:37:30'),
(15, '2025-01-29', 'Pallekalle', 15, 2, 1, '', '2026-01-17 22:37:30', '2026-01-17 22:37:30'),
(16, '2025-01-29', 'Pallekalle', 16, 2, 1, '', '2026-01-17 22:37:30', '2026-01-17 22:37:30'),
(17, '2025-01-29', 'Pallekalle', 17, 2, 1, '', '2026-01-17 22:37:30', '2026-01-17 22:37:30'),
(18, '2025-01-29', 'Pallekalle', 18, 2, 1, '', '2026-01-17 22:37:30', '2026-01-17 22:37:30'),
(19, '2025-01-29', 'Pallekalle', 19, 2, 1, '', '2026-01-17 22:37:30', '2026-01-17 22:37:30'),
(20, '2025-01-29', 'Pallekalle', 20, 2, 1, '', '2026-01-17 22:37:30', '2026-01-17 22:37:30'),
(21, '2025-01-29', 'Pallekalle', 21, 2, 1, '', '2026-01-17 22:37:30', '2026-01-17 22:37:30'),
(23, '2025-01-29', 'Pallekalle', 23, 2, 1, '', '2026-01-17 22:37:30', '2026-01-17 22:37:30'),
(24, '2025-01-29', 'Pallekalle', 24, 2, 1, '', '2026-01-17 22:37:30', '2026-01-17 22:37:30'),
(25, '2025-01-29', 'Pallekalle', 25, 2, 1, '', '2026-01-17 22:37:30', '2026-01-17 22:37:30'),
(27, '2025-01-29', 'Pallekalle', 27, 2, 0, '', '2026-01-17 22:37:30', '2026-01-17 22:37:30'),
(29, '2025-01-29', 'Pallekalle', 29, 2, 1, '', '2026-01-17 22:37:30', '2026-01-17 22:37:30'),
(30, '2025-01-29', 'Pallekalle', 30, 2, 1, '', '2026-01-17 22:37:30', '2026-01-17 22:37:30'),
(31, '2025-01-29', 'Pallekalle', 31, 2, 0, '', '2026-01-17 22:37:30', '2026-01-17 22:37:30'),
(32, '2025-01-29', 'Pallekalle', 32, 2, 1, '', '2026-01-17 22:37:30', '2026-01-17 22:37:30'),
(33, '2025-01-29', 'Pallekalle', 33, 2, 1, '', '2026-01-17 22:37:30', '2026-01-17 22:37:30'),
(35, '2025-01-29', 'Pallekalle', 35, 1, 1, '', '2026-01-17 22:40:08', '2026-01-17 22:40:08'),
(36, '2025-01-29', 'Pallekalle', 36, 1, 1, '', '2026-01-17 22:40:08', '2026-01-17 22:40:08'),
(37, '2025-01-29', 'Pallekalle', 37, 1, 1, 'Informed Sick', '2026-01-17 22:40:08', '2026-01-17 22:40:08'),
(38, '2025-01-29', 'Pallekalle', 38, 1, 1, '', '2026-01-17 22:40:08', '2026-01-17 22:40:08'),
(39, '2025-01-29', 'Pallekalle', 39, 1, 1, '', '2026-01-17 22:40:08', '2026-01-17 22:40:08'),
(40, '2025-01-29', 'Pallekalle', 40, 1, 1, '', '2026-01-17 22:40:08', '2026-01-17 22:40:08'),
(41, '2025-01-29', 'Pallekalle', 41, 1, 1, '', '2026-01-17 22:40:08', '2026-01-17 22:40:08'),
(42, '2025-01-29', 'Pallekalle', 42, 1, 1, '', '2026-01-17 22:40:08', '2026-01-17 22:40:08'),
(43, '2025-01-29', 'Pallekalle', 43, 1, 0, '', '2026-01-17 22:40:08', '2026-01-17 22:40:08'),
(44, '2025-01-29', 'Pallekalle', 44, 1, 1, '', '2026-01-17 22:40:08', '2026-01-17 22:40:08'),
(45, '2025-01-29', 'Pallekalle', 45, 1, 1, '', '2026-01-17 22:40:08', '2026-01-17 22:40:08'),
(46, '2025-01-29', 'Pallekalle', 46, 1, 1, '', '2026-01-17 22:40:08', '2026-01-17 22:40:08'),
(47, '2025-01-29', 'Pallekalle', 47, 1, 1, '', '2026-01-17 22:40:08', '2026-01-17 22:40:08'),
(48, '2025-01-29', 'Pallekalle', 48, 1, 1, '', '2026-01-17 22:40:08', '2026-01-17 22:40:08'),
(49, '2025-01-29', 'Pallekalle', 49, 1, 1, '', '2026-01-17 22:40:08', '2026-01-17 22:40:08'),
(50, '2025-01-29', 'Pallekalle', 50, 1, 1, '', '2026-01-17 22:40:08', '2026-01-17 22:40:08'),
(51, '2025-01-29', 'Pallekalle', 51, 1, 1, '', '2026-01-17 22:40:08', '2026-01-17 22:40:08'),
(52, '2025-01-29', 'Pallekalle', 52, 1, 1, '', '2026-01-17 22:40:08', '2026-01-17 22:40:08'),
(53, '2025-01-29', 'Pallekalle', 53, 1, 1, '', '2026-01-17 22:40:08', '2026-01-17 22:40:08'),
(54, '2025-01-29', 'Pallekalle', 54, 1, 0, '', '2026-01-17 22:40:08', '2026-01-17 22:40:08'),
(55, '2025-01-29', 'Pallekalle', 55, 1, 1, '', '2026-01-17 22:40:08', '2026-01-17 22:40:08'),
(56, '2025-01-29', 'Pallekalle', 56, 1, 1, '', '2026-01-17 22:40:08', '2026-01-17 22:40:08'),
(57, '2025-01-29', 'Pallekalle', 57, 1, 1, '', '2026-01-17 22:40:08', '2026-01-17 22:40:08'),
(58, '2025-01-29', 'Pallekalle', 58, 1, 1, '', '2026-01-17 22:40:08', '2026-01-17 22:40:08'),
(59, '2025-01-29', 'Pallekalle', 59, 1, 1, '', '2026-01-17 22:40:08', '2026-01-17 22:40:08'),
(60, '2025-01-29', 'Pallekalle', 60, 1, 1, '', '2026-01-17 22:40:08', '2026-01-17 22:40:08'),
(61, '2025-01-29', 'Pallekalle', 61, 1, 1, '', '2026-01-17 22:40:08', '2026-01-17 22:40:08'),
(62, '2025-01-29', 'Pallekalle', 62, 1, 1, '', '2026-01-17 22:40:08', '2026-01-17 22:40:08'),
(63, '2025-01-29', 'Pallekalle', 63, 1, 0, '', '2026-01-17 22:40:08', '2026-01-17 22:40:08'),
(64, '2025-01-29', 'Pallekalle', 64, 1, 1, '', '2026-01-17 22:40:08', '2026-01-17 22:40:08'),
(65, '2025-01-29', 'Pallekalle', 65, 1, 1, '', '2026-01-17 22:40:08', '2026-01-17 22:40:08'),
(66, '2025-01-29', 'Pallekalle', 66, 1, 1, '', '2026-01-17 22:40:08', '2026-01-17 22:40:08'),
(67, '2025-01-29', 'Pallekalle', 67, 1, 1, 'Informed Sick', '2026-01-17 22:40:08', '2026-01-17 22:40:08'),
(68, '2025-01-29', 'Pallekalle', 68, 1, 1, '', '2026-01-17 22:40:08', '2026-01-17 22:40:08'),
(69, '2025-01-29', 'Pallekalle', 69, 1, 1, '', '2026-01-17 22:40:08', '2026-01-17 22:40:08'),
(70, '2025-01-29', 'Pallekalle', 70, 1, 1, '', '2026-01-17 22:40:08', '2026-01-17 22:40:08'),
(71, '2025-01-29', 'Pallekalle', 71, 1, 1, '', '2026-01-17 22:40:08', '2026-01-17 22:40:08'),
(72, '2025-01-29', 'Pallekalle', 72, 1, 1, '', '2026-01-17 22:40:08', '2026-01-17 22:40:08'),
(73, '2025-01-29', 'Pallekalle', 73, 1, 1, '', '2026-01-17 22:40:08', '2026-01-17 22:40:08'),
(74, '2025-01-29', 'Pallekalle', 74, 1, 1, '', '2026-01-17 22:40:08', '2026-01-17 22:40:08'),
(75, '2025-01-29', 'Pallekalle', 75, 1, 1, '', '2026-01-17 22:40:08', '2026-01-17 22:40:08'),
(76, '2025-01-29', 'Pallekalle', 76, 1, 1, '', '2026-01-17 22:40:08', '2026-01-17 22:40:08'),
(77, '2025-01-29', 'Pallekalle', 77, 1, 1, '', '2026-01-17 22:40:08', '2026-01-17 22:40:08'),
(78, '2025-01-29', 'Pallekalle', 78, 1, 1, '', '2026-01-17 22:40:08', '2026-01-17 22:40:08'),
(79, '2025-01-29', 'Pallekalle', 79, 1, 0, '', '2026-01-17 22:40:08', '2026-01-17 22:40:08'),
(80, '2025-01-29', 'Pallekalle', 80, 1, 1, '', '2026-01-17 22:40:08', '2026-01-17 22:40:08'),
(81, '2025-01-29', 'Pallekalle', 81, 1, 1, 'Informed Sick', '2026-01-17 22:40:08', '2026-01-17 22:40:08'),
(82, '2025-01-29', 'Pallekalle', 82, 1, 1, '', '2026-01-17 22:40:08', '2026-01-17 22:40:08'),
(83, '2025-01-29', 'Pallekalle', 83, 1, 1, '', '2026-01-17 22:40:08', '2026-01-17 22:40:08'),
(84, '2025-01-29', 'Pallekalle', 84, 1, 1, '', '2026-01-17 22:40:08', '2026-01-17 22:40:08'),
(85, '2025-01-29', 'Pallekalle', 85, 1, 1, '', '2026-01-17 22:40:08', '2026-01-17 22:40:08'),
(86, '2025-01-29', 'Pallekalle', 86, 1, 1, '', '2026-01-17 22:40:08', '2026-01-17 22:40:08'),
(87, '2025-01-29', 'Pallekalle', 87, 1, 1, '', '2026-01-17 22:40:08', '2026-01-17 22:40:08'),
(88, '2025-01-29', 'Pallekalle', 88, 1, 1, '', '2026-01-17 22:40:08', '2026-01-17 22:40:08'),
(89, '2026-02-19', 'Pallekalle', 1, 2, 1, '', '2026-01-18 00:25:27', '2026-01-18 00:25:27'),
(90, '2026-02-19', 'Pallekalle', 2, 2, 1, '', '2026-01-18 00:25:27', '2026-01-18 00:25:27'),
(91, '2026-02-19', 'Pallekalle', 3, 2, 1, 'Informed Personal', '2026-01-18 00:25:27', '2026-01-18 00:25:27'),
(92, '2026-02-19', 'Pallekalle', 4, 2, 1, '', '2026-01-18 00:25:27', '2026-01-18 00:25:27'),
(93, '2026-02-19', 'Pallekalle', 5, 2, 1, '', '2026-01-18 00:25:27', '2026-01-18 00:25:27'),
(94, '2026-02-19', 'Pallekalle', 6, 2, 1, 'Informed Report At 9.30 a.m', '2026-01-18 00:25:27', '2026-01-18 00:25:27'),
(95, '2026-02-19', 'Pallekalle', 89, 2, 1, '', '2026-01-18 00:25:27', '2026-01-18 00:25:27'),
(96, '2026-02-19', 'Pallekalle', 90, 2, 1, '', '2026-01-18 00:25:27', '2026-01-18 00:25:27'),
(97, '2026-02-19', 'Pallekalle', 91, 2, 1, '', '2026-01-18 00:25:27', '2026-01-18 00:25:27'),
(98, '2026-02-19', 'Pallekalle', 92, 2, 0, 'Informed', '2026-01-18 00:25:27', '2026-01-18 00:25:27'),
(99, '2026-02-19', 'Pallekalle', 93, 2, 1, '', '2026-01-18 00:25:27', '2026-01-18 00:25:27'),
(100, '2026-02-19', 'Pallekalle', 94, 2, 1, '', '2026-01-18 00:25:27', '2026-01-18 00:25:27'),
(101, '2026-02-19', 'Pallekalle', 95, 2, 1, '', '2026-01-18 00:25:27', '2026-01-18 00:25:27'),
(102, '2026-02-19', 'Pallekalle', 96, 2, 1, '', '2026-01-18 00:25:27', '2026-01-18 00:25:27'),
(103, '2026-02-19', 'Pallekalle', 97, 2, 1, '', '2026-01-18 00:25:27', '2026-01-18 00:25:27'),
(104, '2026-02-19', 'Pallekalle', 98, 2, 1, '', '2026-01-18 00:25:27', '2026-01-18 00:25:27'),
(105, '2026-02-19', 'Pallekalle', 99, 2, 0, '', '2026-01-18 00:25:27', '2026-01-18 00:25:27'),
(106, '2026-02-19', 'Pallekalle', 100, 2, 1, '', '2026-01-18 00:25:27', '2026-01-18 00:25:27'),
(107, '2026-02-19', 'Pallekalle', 101, 2, 0, 'Worker from Rathmalana', '2026-01-18 00:25:27', '2026-01-18 00:25:27'),
(108, '2026-02-19', 'Pallekalle', 102, 2, 0, '', '2026-01-18 00:25:27', '2026-01-18 00:25:27'),
(109, '2026-02-19', 'Pallekalle', 103, 2, 1, '', '2026-01-18 00:25:27', '2026-01-18 00:25:27'),
(110, '2026-02-19', 'Pallekalle', 104, 2, 1, '', '2026-01-18 00:25:27', '2026-01-18 00:25:27'),
(111, '2026-02-19', 'Pallekalle', 105, 2, 0, 'Worker from Rathmalana', '2026-01-18 00:25:27', '2026-01-18 00:25:27'),
(112, '2026-02-19', 'Pallekalle', 106, 2, 1, '', '2026-01-18 00:25:27', '2026-01-18 00:25:27'),
(113, '2026-02-19', 'Pallekalle', 107, 2, 1, '', '2026-01-18 00:25:27', '2026-01-18 00:25:27'),
(114, '2026-02-19', 'Pallekalle', 108, 2, 1, 'Informed Report At 9.30 a.m', '2026-01-18 00:25:27', '2026-01-18 00:25:27'),
(115, '2026-02-19', 'Pallekalle', 109, 2, 0, 'Site', '2026-01-18 00:25:27', '2026-01-18 00:25:27'),
(116, '2026-02-19', 'Pallekalle', 110, 2, 0, '', '2026-01-18 00:25:27', '2026-01-18 00:25:27'),
(117, '2026-02-19', 'Pallekalle', 111, 2, 1, '', '2026-01-18 00:25:27', '2026-01-18 00:25:27'),
(118, '2026-02-19', 'Pallekalle', 112, 2, 1, '', '2026-01-18 00:25:27', '2026-01-18 00:25:27'),
(119, '2026-02-19', 'Pallekalle', 113, 2, 1, '', '2026-01-18 00:25:27', '2026-01-18 00:25:27'),
(120, '2026-02-19', 'Pallekalle', 114, 2, 1, '', '2026-01-18 00:25:27', '2026-01-18 00:25:27'),
(121, '2026-02-19', 'Pallekalle', 115, 2, 1, '', '2026-01-18 00:25:27', '2026-01-18 00:25:27'),
(122, '2026-02-19', 'Pallekalle', 116, 1, 1, '', '2026-02-24 13:48:16', '2026-02-24 13:48:16'),
(123, '2026-02-19', 'Pallekalle', 117, 1, 0, 'Absent on approval', '2026-02-24 13:48:16', '2026-02-24 13:48:16'),
(124, '2026-02-19', 'Pallekalle', 118, 1, 1, '', '2026-02-24 13:48:16', '2026-02-24 13:48:16'),
(125, '2026-02-19', 'Pallekalle', 119, 1, 1, '', '2026-02-24 13:48:16', '2026-02-24 13:48:16'),
(126, '2026-02-19', 'Pallekalle', 120, 1, 1, '', '2026-02-24 13:48:16', '2026-02-24 13:48:16'),
(127, '2026-02-19', 'Pallekalle', 121, 1, 1, '', '2026-02-24 13:48:16', '2026-02-24 13:48:16'),
(128, '2026-02-19', 'Pallekalle', 122, 1, 1, '', '2026-02-24 13:48:16', '2026-02-24 13:48:16'),
(129, '2026-02-19', 'Pallekalle', 123, 1, 1, '', '2026-02-24 13:48:16', '2026-02-24 13:48:16'),
(130, '2026-02-19', 'Pallekalle', 124, 1, 1, '', '2026-02-24 13:48:16', '2026-02-24 13:48:16'),
(131, '2026-02-19', 'Pallekalle', 125, 1, 1, '', '2026-02-24 13:48:16', '2026-02-24 13:48:16'),
(132, '2026-02-19', 'Pallekalle', 126, 1, 1, '', '2026-02-24 13:48:16', '2026-02-24 13:48:16'),
(133, '2026-02-19', 'Pallekalle', 127, 1, 1, '', '2026-02-24 13:48:16', '2026-02-24 13:48:16'),
(134, '2026-02-19', 'Pallekalle', 128, 1, 1, '', '2026-02-24 13:48:16', '2026-02-24 13:48:16'),
(135, '2026-02-19', 'Pallekalle', 129, 1, 1, '', '2026-02-24 13:48:16', '2026-02-24 13:48:16'),
(136, '2026-02-19', 'Pallekalle', 130, 1, 1, '', '2026-02-24 13:48:16', '2026-02-24 13:48:16'),
(137, '2026-02-19', 'Pallekalle', 131, 1, 1, '', '2026-02-24 13:48:16', '2026-02-24 13:48:16'),
(138, '2026-02-19', 'Pallekalle', 132, 1, 1, '', '2026-02-24 13:48:16', '2026-02-24 13:48:16'),
(139, '2026-02-19', 'Pallekalle', 133, 1, 1, '', '2026-02-24 13:48:16', '2026-02-24 13:48:16'),
(140, '2026-02-19', 'Pallekalle', 134, 1, 0, 'Informed Sick', '2026-02-24 13:48:16', '2026-02-24 13:48:16'),
(141, '2026-02-19', 'Pallekalle', 135, 1, 1, '', '2026-02-24 13:48:16', '2026-02-24 13:48:16'),
(142, '2026-02-19', 'Pallekalle', 136, 1, 1, '', '2026-02-24 13:48:16', '2026-02-24 13:48:16'),
(143, '2026-02-19', 'Pallekalle', 137, 1, 1, '', '2026-02-24 13:48:16', '2026-02-24 13:48:16'),
(144, '2026-02-19', 'Pallekalle', 138, 1, 1, '', '2026-02-24 13:48:16', '2026-02-24 13:48:16'),
(145, '2026-02-19', 'Pallekalle', 139, 1, 1, '', '2026-02-24 13:48:16', '2026-02-24 13:48:16'),
(146, '2026-02-19', 'Pallekalle', 140, 1, 1, '', '2026-02-24 13:48:16', '2026-02-24 13:48:16'),
(147, '2026-02-19', 'Pallekalle', 141, 1, 1, '', '2026-02-24 13:48:16', '2026-02-24 13:48:16'),
(148, '2026-02-19', 'Pallekalle', 142, 1, 1, '', '2026-02-24 13:48:16', '2026-02-24 13:48:16'),
(149, '2026-02-19', 'Pallekalle', 143, 1, 1, '', '2026-02-24 13:48:16', '2026-02-24 13:48:16'),
(150, '2026-02-19', 'Pallekalle', 144, 1, 1, '', '2026-02-24 13:48:16', '2026-02-24 13:48:16'),
(151, '2026-02-19', 'Pallekalle', 145, 1, 1, '', '2026-02-24 13:48:16', '2026-02-24 13:48:16'),
(152, '2026-02-19', 'Pallekalle', 146, 1, 1, '', '2026-02-24 13:48:16', '2026-02-24 13:48:16'),
(153, '2026-02-19', 'Pallekalle', 147, 1, 1, '', '2026-02-24 13:48:16', '2026-02-24 13:48:16'),
(154, '2026-02-19', 'Pallekalle', 148, 1, 1, '', '2026-02-24 13:48:17', '2026-02-24 13:48:17'),
(155, '2026-02-19', 'Pallekalle', 149, 1, 1, '', '2026-02-24 13:48:17', '2026-02-24 13:48:17'),
(156, '2026-02-19', 'Pallekalle', 150, 1, 1, '', '2026-02-24 13:48:17', '2026-02-24 13:48:17'),
(157, '2026-02-19', 'Pallekalle', 151, 1, 1, '', '2026-02-24 13:48:17', '2026-02-24 13:48:17'),
(158, '2026-02-19', 'Pallekalle', 152, 1, 1, '', '2026-02-24 13:48:17', '2026-02-24 13:48:17'),
(159, '2026-02-19', 'Pallekalle', 153, 1, 1, '', '2026-02-24 13:48:17', '2026-02-24 13:48:17'),
(160, '2026-02-19', 'Pallekalle', 154, 1, 1, '', '2026-02-24 13:48:17', '2026-02-24 13:48:17'),
(161, '2026-02-19', 'Pallekalle', 155, 1, 1, '', '2026-02-24 13:48:17', '2026-02-24 13:48:17'),
(162, '2026-02-19', 'Pallekalle', 156, 1, 0, 'Rathmalana', '2026-02-24 13:48:17', '2026-02-24 13:48:17'),
(163, '2026-02-19', 'Pallekalle', 157, 1, 1, '', '2026-02-24 13:48:17', '2026-02-24 13:48:17'),
(164, '2026-02-19', 'Pallekalle', 158, 1, 0, 'Informed Sick', '2026-02-24 13:48:17', '2026-02-24 13:48:17'),
(165, '2026-02-19', 'Pallekalle', 159, 1, 1, '', '2026-02-24 13:48:17', '2026-02-24 13:48:17'),
(166, '2026-02-19', 'Pallekalle', 160, 1, 1, '', '2026-02-24 13:48:17', '2026-02-24 13:48:17'),
(167, '2026-02-19', 'Pallekalle', 161, 1, 1, '', '2026-02-24 13:48:17', '2026-02-24 13:48:17'),
(168, '2026-02-19', 'Pallekalle', 162, 1, 1, '', '2026-02-24 13:48:17', '2026-02-24 13:48:17'),
(169, '2026-02-19', 'Pallekalle', 163, 1, 0, '', '2026-02-24 13:48:17', '2026-02-24 13:48:17'),
(170, '2026-02-19', 'Pallekalle', 164, 1, 1, '', '2026-02-24 13:48:17', '2026-02-24 13:48:17'),
(171, '2026-02-19', 'Pallekalle', 165, 1, 0, 'Absent on approval', '2026-02-24 13:48:17', '2026-02-24 13:48:17'),
(172, '2026-02-19', 'Pallekalle', 166, 1, 1, '', '2026-02-24 13:48:17', '2026-02-24 13:48:17'),
(173, '2026-02-19', 'Pallekalle', 167, 1, 1, '', '2026-02-24 13:48:17', '2026-02-24 13:48:17'),
(174, '2026-02-19', 'Pallekalle', 168, 1, 1, '', '2026-02-24 13:48:17', '2026-02-24 13:48:17'),
(175, '2026-02-19', 'Pallekalle', 169, 1, 0, 'Absent on approval', '2026-02-24 13:48:17', '2026-02-24 13:48:17'),
(176, '2026-02-19', 'Pallekalle', 170, 1, 1, '', '2026-02-24 13:48:17', '2026-02-24 13:48:17'),
(177, '2026-02-19', 'Pallekalle', 171, 1, 1, '', '2026-02-24 13:48:17', '2026-02-24 13:48:17'),
(178, '2026-02-19', 'Pallekalle', 172, 1, 1, '', '2026-02-24 13:48:17', '2026-02-24 13:48:17'),
(179, '2026-02-19', 'Pallekalle', 173, 1, 1, '', '2026-02-24 13:48:17', '2026-02-24 13:48:17'),
(180, '2026-02-19', 'Pallekalle', 174, 1, 1, '', '2026-02-24 13:48:17', '2026-02-24 13:48:17'),
(181, '2026-02-19', 'Pallekalle', 175, 1, 1, '', '2026-02-24 13:48:17', '2026-02-24 13:48:17'),
(182, '2026-02-19', 'Pallekalle', 176, 1, 1, 'Informed Sick', '2026-02-24 13:48:17', '2026-02-24 13:48:17'),
(183, '2026-02-19', 'Pallekalle', 177, 1, 1, '', '2026-02-24 13:48:17', '2026-02-24 13:48:17'),
(184, '2026-02-19', 'Pallekalle', 178, 1, 1, '', '2026-02-24 13:48:17', '2026-02-24 13:48:17'),
(185, '2026-02-19', 'Pallekalle', 179, 1, 1, '', '2026-02-24 13:48:17', '2026-02-24 13:48:17'),
(186, '2026-02-19', 'Pallekalle', 180, 1, 0, 'Rathmalana', '2026-02-24 13:48:17', '2026-02-24 13:48:17'),
(187, '2026-02-19', 'Pallekalle', 181, 1, 0, 'Rathmalana', '2026-02-24 13:48:17', '2026-02-24 13:48:17'),
(188, '2026-02-23', 'Pallekalle', 116, 1, 1, 'Informed Sick', '2026-02-24 13:58:41', '2026-02-24 13:58:41'),
(189, '2026-02-23', 'Pallekalle', 117, 1, 1, '', '2026-02-24 13:58:41', '2026-02-24 13:58:41'),
(190, '2026-02-23', 'Pallekalle', 118, 1, 1, '', '2026-02-24 13:58:41', '2026-02-24 13:58:41'),
(191, '2026-02-23', 'Pallekalle', 119, 1, 1, '', '2026-02-24 13:58:41', '2026-02-24 13:58:41'),
(192, '2026-02-23', 'Pallekalle', 120, 1, 1, '', '2026-02-24 13:58:41', '2026-02-24 13:58:41'),
(193, '2026-02-23', 'Pallekalle', 121, 1, 1, '', '2026-02-24 13:58:41', '2026-02-24 13:58:41'),
(194, '2026-02-23', 'Pallekalle', 122, 1, 0, 'Informed Sick', '2026-02-24 13:58:41', '2026-02-24 13:58:41'),
(195, '2026-02-23', 'Pallekalle', 123, 1, 1, '', '2026-02-24 13:58:41', '2026-02-24 13:58:41'),
(196, '2026-02-23', 'Pallekalle', 124, 1, 0, 'Informed Sick', '2026-02-24 13:58:41', '2026-02-24 13:58:41'),
(197, '2026-02-23', 'Pallekalle', 125, 1, 1, '', '2026-02-24 13:58:41', '2026-02-24 13:58:41'),
(198, '2026-02-23', 'Pallekalle', 126, 1, 1, '', '2026-02-24 13:58:41', '2026-02-24 13:58:41'),
(199, '2026-02-23', 'Pallekalle', 127, 1, 1, '', '2026-02-24 13:58:41', '2026-02-24 13:58:41'),
(200, '2026-02-23', 'Pallekalle', 128, 1, 1, '', '2026-02-24 13:58:41', '2026-02-24 13:58:41'),
(201, '2026-02-23', 'Pallekalle', 129, 1, 0, 'Informed Sick', '2026-02-24 13:58:41', '2026-02-24 13:58:41'),
(202, '2026-02-23', 'Pallekalle', 130, 1, 1, '', '2026-02-24 13:58:41', '2026-02-24 13:58:41'),
(203, '2026-02-23', 'Pallekalle', 131, 1, 1, '', '2026-02-24 13:58:41', '2026-02-24 13:58:41'),
(204, '2026-02-23', 'Pallekalle', 132, 1, 1, '', '2026-02-24 13:58:41', '2026-02-24 13:58:41'),
(205, '2026-02-23', 'Pallekalle', 133, 1, 1, '', '2026-02-24 13:58:41', '2026-02-24 13:58:41'),
(206, '2026-02-23', 'Pallekalle', 134, 1, 1, '', '2026-02-24 13:58:41', '2026-02-24 13:58:41'),
(207, '2026-02-23', 'Pallekalle', 135, 1, 1, '', '2026-02-24 13:58:41', '2026-02-24 13:58:41'),
(208, '2026-02-23', 'Pallekalle', 136, 1, 1, '', '2026-02-24 13:58:41', '2026-02-24 13:58:41'),
(209, '2026-02-23', 'Pallekalle', 137, 1, 0, 'Informed Sick', '2026-02-24 13:58:41', '2026-02-24 13:58:41'),
(210, '2026-02-23', 'Pallekalle', 138, 1, 0, 'Informed Sick', '2026-02-24 13:58:41', '2026-02-24 13:58:41'),
(211, '2026-02-23', 'Pallekalle', 139, 1, 1, '', '2026-02-24 13:58:41', '2026-02-24 13:58:41'),
(212, '2026-02-23', 'Pallekalle', 140, 1, 1, '', '2026-02-24 13:58:41', '2026-02-24 13:58:41'),
(213, '2026-02-23', 'Pallekalle', 141, 1, 1, '', '2026-02-24 13:58:41', '2026-02-24 13:58:41'),
(214, '2026-02-23', 'Pallekalle', 142, 1, 0, 'Informed ,Reported at 9 am', '2026-02-24 13:58:41', '2026-02-24 13:58:41'),
(215, '2026-02-23', 'Pallekalle', 143, 1, 1, '', '2026-02-24 13:58:41', '2026-02-24 13:58:41'),
(216, '2026-02-23', 'Pallekalle', 144, 1, 1, '', '2026-02-24 13:58:41', '2026-02-24 13:58:41'),
(217, '2026-02-23', 'Pallekalle', 145, 1, 1, '', '2026-02-24 13:58:41', '2026-02-24 13:58:41'),
(218, '2026-02-23', 'Pallekalle', 146, 1, 1, 'Informed Sick', '2026-02-24 13:58:41', '2026-02-24 13:58:41'),
(219, '2026-02-23', 'Pallekalle', 147, 1, 1, '', '2026-02-24 13:58:41', '2026-02-24 13:58:41'),
(220, '2026-02-23', 'Pallekalle', 148, 1, 1, '', '2026-02-24 13:58:41', '2026-02-24 13:58:41'),
(221, '2026-02-23', 'Pallekalle', 149, 1, 1, 'InformedPersonal', '2026-02-24 13:58:41', '2026-02-24 13:58:41'),
(222, '2026-02-23', 'Pallekalle', 150, 1, 1, '', '2026-02-24 13:58:41', '2026-02-24 13:58:41'),
(223, '2026-02-23', 'Pallekalle', 151, 1, 1, '', '2026-02-24 13:58:41', '2026-02-24 13:58:41'),
(224, '2026-02-23', 'Pallekalle', 152, 1, 1, '', '2026-02-24 13:58:41', '2026-02-24 13:58:41'),
(225, '2026-02-23', 'Pallekalle', 153, 1, 1, '', '2026-02-24 13:58:41', '2026-02-24 13:58:41'),
(226, '2026-02-23', 'Pallekalle', 154, 1, 1, '', '2026-02-24 13:58:41', '2026-02-24 13:58:41'),
(227, '2026-02-23', 'Pallekalle', 155, 1, 1, '', '2026-02-24 13:58:41', '2026-02-24 13:58:41'),
(228, '2026-02-23', 'Pallekalle', 156, 1, 0, 'Rathmalana', '2026-02-24 13:58:41', '2026-02-24 13:58:41'),
(229, '2026-02-23', 'Pallekalle', 157, 1, 1, '', '2026-02-24 13:58:41', '2026-02-24 13:58:41'),
(230, '2026-02-23', 'Pallekalle', 158, 1, 1, '', '2026-02-24 13:58:41', '2026-02-24 13:58:41'),
(231, '2026-02-23', 'Pallekalle', 159, 1, 1, '', '2026-02-24 13:58:41', '2026-02-24 13:58:41'),
(232, '2026-02-23', 'Pallekalle', 160, 1, 0, 'Informed Sick', '2026-02-24 13:58:41', '2026-02-24 13:58:41'),
(233, '2026-02-23', 'Pallekalle', 161, 1, 1, '', '2026-02-24 13:58:41', '2026-02-24 13:58:41'),
(234, '2026-02-23', 'Pallekalle', 162, 1, 1, '', '2026-02-24 13:58:41', '2026-02-24 13:58:41'),
(235, '2026-02-23', 'Pallekalle', 163, 1, 0, 'Rathmalana', '2026-02-24 13:58:41', '2026-02-24 13:58:41'),
(236, '2026-02-23', 'Pallekalle', 164, 1, 1, '', '2026-02-24 13:58:41', '2026-02-24 13:58:41'),
(237, '2026-02-23', 'Pallekalle', 165, 1, 1, '', '2026-02-24 13:58:41', '2026-02-24 13:58:41'),
(238, '2026-02-23', 'Pallekalle', 166, 1, 1, '', '2026-02-24 13:58:41', '2026-02-24 13:58:41'),
(239, '2026-02-23', 'Pallekalle', 167, 1, 1, '', '2026-02-24 13:58:41', '2026-02-24 13:58:41'),
(240, '2026-02-23', 'Pallekalle', 168, 1, 1, '', '2026-02-24 13:58:41', '2026-02-24 13:58:41'),
(241, '2026-02-23', 'Pallekalle', 169, 1, 0, 'Informed Sick', '2026-02-24 13:58:41', '2026-02-24 13:58:41'),
(242, '2026-02-23', 'Pallekalle', 170, 1, 1, '', '2026-02-24 13:58:41', '2026-02-24 13:58:41'),
(243, '2026-02-23', 'Pallekalle', 171, 1, 1, '', '2026-02-24 13:58:41', '2026-02-24 13:58:41'),
(244, '2026-02-23', 'Pallekalle', 172, 1, 1, 'InformedPersonal', '2026-02-24 13:58:41', '2026-02-24 13:58:41'),
(245, '2026-02-23', 'Pallekalle', 173, 1, 1, '', '2026-02-24 13:58:42', '2026-02-24 13:58:42'),
(246, '2026-02-23', 'Pallekalle', 174, 1, 1, '', '2026-02-24 13:58:42', '2026-02-24 13:58:42'),
(247, '2026-02-23', 'Pallekalle', 175, 1, 0, 'Informed Sick', '2026-02-24 13:58:42', '2026-02-24 13:58:42'),
(248, '2026-02-23', 'Pallekalle', 176, 1, 1, '', '2026-02-24 13:58:42', '2026-02-24 13:58:42'),
(249, '2026-02-23', 'Pallekalle', 177, 1, 1, '', '2026-02-24 13:58:42', '2026-02-24 13:58:42'),
(250, '2026-02-23', 'Pallekalle', 178, 1, 1, '', '2026-02-24 13:58:42', '2026-02-24 13:58:42'),
(251, '2026-02-23', 'Pallekalle', 179, 1, 0, 'Informed Sick', '2026-02-24 13:58:42', '2026-02-24 13:58:42'),
(252, '2026-02-23', 'Pallekalle', 180, 1, 0, 'Rathmalana', '2026-02-24 13:58:42', '2026-02-24 13:58:42'),
(253, '2026-02-23', 'Pallekalle', 181, 1, 0, 'Rathmalana', '2026-02-24 13:58:42', '2026-02-24 13:58:42'),
(254, '2026-02-23', 'Pallekalle', 1, 2, 1, 'Informed Sick', '2026-02-24 14:04:16', '2026-02-24 14:04:16'),
(255, '2026-02-23', 'Pallekalle', 2, 2, 1, '', '2026-02-24 14:04:16', '2026-02-24 14:04:16'),
(256, '2026-02-23', 'Pallekalle', 3, 2, 1, '', '2026-02-24 14:04:16', '2026-02-24 14:04:16'),
(257, '2026-02-23', 'Pallekalle', 4, 2, 1, '', '2026-02-24 14:04:16', '2026-02-24 14:04:16'),
(258, '2026-02-23', 'Pallekalle', 5, 2, 1, '', '2026-02-24 14:04:16', '2026-02-24 14:04:16'),
(259, '2026-02-23', 'Pallekalle', 6, 2, 1, '', '2026-02-24 14:04:16', '2026-02-24 14:04:16'),
(260, '2026-02-23', 'Pallekalle', 89, 2, 1, '', '2026-02-24 14:04:16', '2026-02-24 14:04:16'),
(261, '2026-02-23', 'Pallekalle', 90, 2, 1, '', '2026-02-24 14:04:16', '2026-02-24 14:04:16'),
(262, '2026-02-23', 'Pallekalle', 91, 2, 0, 'informed , reported at 9 am', '2026-02-24 14:04:16', '2026-02-24 14:04:16'),
(263, '2026-02-23', 'Pallekalle', 92, 2, 0, 'Informed  as personal', '2026-02-24 14:04:16', '2026-02-24 14:04:16'),
(264, '2026-02-23', 'Pallekalle', 93, 2, 1, '', '2026-02-24 14:04:16', '2026-02-24 14:04:16'),
(265, '2026-02-23', 'Pallekalle', 94, 2, 1, '', '2026-02-24 14:04:16', '2026-02-24 14:04:16'),
(266, '2026-02-23', 'Pallekalle', 95, 2, 1, '', '2026-02-24 14:04:16', '2026-02-24 14:04:16'),
(267, '2026-02-23', 'Pallekalle', 96, 2, 1, '', '2026-02-24 14:04:16', '2026-02-24 14:04:16'),
(268, '2026-02-23', 'Pallekalle', 97, 2, 1, '', '2026-02-24 14:04:16', '2026-02-24 14:04:16'),
(269, '2026-02-23', 'Pallekalle', 98, 2, 1, '', '2026-02-24 14:04:16', '2026-02-24 14:04:16'),
(270, '2026-02-23', 'Pallekalle', 99, 2, 1, '', '2026-02-24 14:04:16', '2026-02-24 14:04:16'),
(271, '2026-02-23', 'Pallekalle', 100, 2, 1, '', '2026-02-24 14:04:16', '2026-02-24 14:04:16'),
(272, '2026-02-23', 'Pallekalle', 101, 2, 1, '', '2026-02-24 14:04:16', '2026-02-24 14:04:16'),
(273, '2026-02-23', 'Pallekalle', 102, 2, 1, '', '2026-02-24 14:04:16', '2026-02-24 14:04:16'),
(274, '2026-02-23', 'Pallekalle', 103, 2, 1, '', '2026-02-24 14:04:16', '2026-02-24 14:04:16'),
(275, '2026-02-23', 'Pallekalle', 104, 2, 1, '', '2026-02-24 14:04:16', '2026-02-24 14:04:16'),
(276, '2026-02-23', 'Pallekalle', 105, 2, 0, 'Rathmalana', '2026-02-24 14:04:16', '2026-02-24 14:04:16'),
(277, '2026-02-23', 'Pallekalle', 106, 2, 0, 'Informed Reported at 12 Noon', '2026-02-24 14:04:16', '2026-02-24 14:04:16'),
(278, '2026-02-23', 'Pallekalle', 107, 2, 1, '', '2026-02-24 14:04:16', '2026-02-24 14:04:16'),
(279, '2026-02-23', 'Pallekalle', 108, 2, 1, '', '2026-02-24 14:04:16', '2026-02-24 14:04:16'),
(280, '2026-02-23', 'Pallekalle', 109, 2, 0, 'site', '2026-02-24 14:04:16', '2026-02-24 14:04:16'),
(281, '2026-02-23', 'Pallekalle', 110, 2, 1, '', '2026-02-24 14:04:16', '2026-02-24 14:04:16'),
(282, '2026-02-23', 'Pallekalle', 111, 2, 1, '', '2026-02-24 14:04:16', '2026-02-24 14:04:16'),
(283, '2026-02-23', 'Pallekalle', 112, 2, 0, 'informed sick', '2026-02-24 14:04:16', '2026-02-24 14:04:16'),
(284, '2026-02-23', 'Pallekalle', 113, 2, 1, '', '2026-02-24 14:04:16', '2026-02-24 14:04:16'),
(285, '2026-02-23', 'Pallekalle', 114, 2, 1, '', '2026-02-24 14:04:16', '2026-02-24 14:04:16'),
(286, '2026-02-23', 'Pallekalle', 115, 2, 1, '', '2026-02-24 14:04:16', '2026-02-24 14:04:16'),
(287, '2026-02-24', 'Pallekalle', 116, 1, 1, '', '2026-02-24 14:16:11', '2026-02-24 14:16:11'),
(288, '2026-02-24', 'Pallekalle', 117, 1, 1, '', '2026-02-24 14:16:11', '2026-02-24 14:16:11'),
(289, '2026-02-24', 'Pallekalle', 118, 1, 1, '', '2026-02-24 14:16:11', '2026-02-24 14:16:11'),
(290, '2026-02-24', 'Pallekalle', 119, 1, 0, 'Informed Sick', '2026-02-24 14:16:11', '2026-02-24 14:16:11'),
(291, '2026-02-24', 'Pallekalle', 120, 1, 1, '', '2026-02-24 14:16:11', '2026-02-24 14:16:11'),
(292, '2026-02-24', 'Pallekalle', 121, 1, 1, '', '2026-02-24 14:16:11', '2026-02-24 14:16:11'),
(293, '2026-02-24', 'Pallekalle', 122, 1, 1, '', '2026-02-24 14:16:11', '2026-02-24 14:16:11'),
(294, '2026-02-24', 'Pallekalle', 123, 1, 1, '', '2026-02-24 14:16:11', '2026-02-24 14:16:11'),
(295, '2026-02-24', 'Pallekalle', 124, 1, 0, 'Informed Sick', '2026-02-24 14:16:11', '2026-02-24 14:16:11'),
(296, '2026-02-24', 'Pallekalle', 125, 1, 1, '', '2026-02-24 14:16:11', '2026-02-24 14:16:11'),
(297, '2026-02-24', 'Pallekalle', 126, 1, 1, '', '2026-02-24 14:16:11', '2026-02-24 14:16:11'),
(298, '2026-02-24', 'Pallekalle', 127, 1, 0, 'Informed Sick', '2026-02-24 14:16:11', '2026-02-24 14:16:11'),
(299, '2026-02-24', 'Pallekalle', 128, 1, 1, '', '2026-02-24 14:16:11', '2026-02-24 14:16:11'),
(300, '2026-02-24', 'Pallekalle', 129, 1, 1, '', '2026-02-24 14:16:11', '2026-02-24 14:16:11'),
(301, '2026-02-24', 'Pallekalle', 130, 1, 1, '', '2026-02-24 14:16:11', '2026-02-24 14:16:11'),
(302, '2026-02-24', 'Pallekalle', 131, 1, 1, '', '2026-02-24 14:16:11', '2026-02-24 14:16:11'),
(303, '2026-02-24', 'Pallekalle', 132, 1, 1, '', '2026-02-24 14:16:11', '2026-02-24 14:16:11'),
(304, '2026-02-24', 'Pallekalle', 133, 1, 1, '', '2026-02-24 14:16:11', '2026-02-24 14:16:11'),
(305, '2026-02-24', 'Pallekalle', 134, 1, 1, '', '2026-02-24 14:16:11', '2026-02-24 14:16:11'),
(306, '2026-02-24', 'Pallekalle', 135, 1, 1, '', '2026-02-24 14:16:11', '2026-02-24 14:16:11'),
(307, '2026-02-24', 'Pallekalle', 136, 1, 1, '', '2026-02-24 14:16:11', '2026-02-24 14:16:11'),
(308, '2026-02-24', 'Pallekalle', 137, 1, 1, '', '2026-02-24 14:16:11', '2026-02-24 14:16:11'),
(309, '2026-02-24', 'Pallekalle', 138, 1, 1, '', '2026-02-24 14:16:11', '2026-02-24 14:16:11'),
(310, '2026-02-24', 'Pallekalle', 139, 1, 1, '', '2026-02-24 14:16:11', '2026-02-24 14:16:11'),
(311, '2026-02-24', 'Pallekalle', 140, 1, 1, '', '2026-02-24 14:16:11', '2026-02-24 14:16:11'),
(312, '2026-02-24', 'Pallekalle', 141, 1, 1, '', '2026-02-24 14:16:11', '2026-02-24 14:16:11'),
(313, '2026-02-24', 'Pallekalle', 142, 1, 1, '', '2026-02-24 14:16:11', '2026-02-24 14:16:11'),
(314, '2026-02-24', 'Pallekalle', 143, 1, 1, '', '2026-02-24 14:16:11', '2026-02-24 14:16:11'),
(315, '2026-02-24', 'Pallekalle', 144, 1, 1, '', '2026-02-24 14:16:11', '2026-02-24 14:16:11'),
(316, '2026-02-24', 'Pallekalle', 145, 1, 1, '', '2026-02-24 14:16:11', '2026-02-24 14:16:11'),
(317, '2026-02-24', 'Pallekalle', 146, 1, 1, '', '2026-02-24 14:16:11', '2026-02-24 14:16:11'),
(318, '2026-02-24', 'Pallekalle', 147, 1, 1, '', '2026-02-24 14:16:11', '2026-02-24 14:16:11'),
(319, '2026-02-24', 'Pallekalle', 148, 1, 1, 'Informed Sick', '2026-02-24 14:16:11', '2026-02-24 14:16:11'),
(320, '2026-02-24', 'Pallekalle', 149, 1, 1, '', '2026-02-24 14:16:11', '2026-02-24 14:16:11'),
(321, '2026-02-24', 'Pallekalle', 150, 1, 1, '', '2026-02-24 14:16:11', '2026-02-24 14:16:11'),
(322, '2026-02-24', 'Pallekalle', 151, 1, 1, '', '2026-02-24 14:16:11', '2026-02-24 14:16:11'),
(323, '2026-02-24', 'Pallekalle', 152, 1, 1, '', '2026-02-24 14:16:11', '2026-02-24 14:16:11'),
(324, '2026-02-24', 'Pallekalle', 153, 1, 1, '', '2026-02-24 14:16:11', '2026-02-24 14:16:11'),
(325, '2026-02-24', 'Pallekalle', 154, 1, 1, '', '2026-02-24 14:16:11', '2026-02-24 14:16:11'),
(326, '2026-02-24', 'Pallekalle', 155, 1, 1, '', '2026-02-24 14:16:11', '2026-02-24 14:16:11'),
(327, '2026-02-24', 'Pallekalle', 156, 1, 0, 'Rathmalana', '2026-02-24 14:16:11', '2026-02-24 14:16:11'),
(328, '2026-02-24', 'Pallekalle', 157, 1, 1, '', '2026-02-24 14:16:11', '2026-02-24 14:16:11'),
(329, '2026-02-24', 'Pallekalle', 158, 1, 1, '', '2026-02-24 14:16:11', '2026-02-24 14:16:11'),
(330, '2026-02-24', 'Pallekalle', 159, 1, 1, '', '2026-02-24 14:16:11', '2026-02-24 14:16:11'),
(331, '2026-02-24', 'Pallekalle', 160, 1, 0, 'Not informed', '2026-02-24 14:16:11', '2026-02-24 14:16:11'),
(332, '2026-02-24', 'Pallekalle', 161, 1, 1, '', '2026-02-24 14:16:11', '2026-02-24 14:16:11'),
(333, '2026-02-24', 'Pallekalle', 162, 1, 1, '', '2026-02-24 14:16:11', '2026-02-24 14:16:11'),
(334, '2026-02-24', 'Pallekalle', 163, 1, 0, 'Rathmalana', '2026-02-24 14:16:11', '2026-02-24 14:16:11'),
(335, '2026-02-24', 'Pallekalle', 164, 1, 1, '', '2026-02-24 14:16:11', '2026-02-24 14:16:11'),
(336, '2026-02-24', 'Pallekalle', 165, 1, 1, '', '2026-02-24 14:16:11', '2026-02-24 14:16:11'),
(337, '2026-02-24', 'Pallekalle', 166, 1, 1, '', '2026-02-24 14:16:11', '2026-02-24 14:16:11'),
(338, '2026-02-24', 'Pallekalle', 167, 1, 1, '', '2026-02-24 14:16:11', '2026-02-24 14:16:11'),
(339, '2026-02-24', 'Pallekalle', 168, 1, 0, 'informed ,reported at 9 am', '2026-02-24 14:16:11', '2026-02-24 14:16:11'),
(340, '2026-02-24', 'Pallekalle', 169, 1, 0, 'Not informed', '2026-02-24 14:16:11', '2026-02-24 14:16:11'),
(341, '2026-02-24', 'Pallekalle', 170, 1, 1, '', '2026-02-24 14:16:11', '2026-02-24 14:16:11'),
(342, '2026-02-24', 'Pallekalle', 171, 1, 1, 'Informed Sick', '2026-02-24 14:16:11', '2026-02-24 14:16:11'),
(343, '2026-02-24', 'Pallekalle', 172, 1, 1, '', '2026-02-24 14:16:11', '2026-02-24 14:16:11'),
(344, '2026-02-24', 'Pallekalle', 173, 1, 1, '', '2026-02-24 14:16:11', '2026-02-24 14:16:11'),
(345, '2026-02-24', 'Pallekalle', 174, 1, 1, '', '2026-02-24 14:16:11', '2026-02-24 14:16:11'),
(346, '2026-02-24', 'Pallekalle', 175, 1, 0, 'Not informed', '2026-02-24 14:16:11', '2026-02-24 14:16:11'),
(347, '2026-02-24', 'Pallekalle', 176, 1, 1, '', '2026-02-24 14:16:11', '2026-02-24 14:16:11'),
(348, '2026-02-24', 'Pallekalle', 177, 1, 1, '', '2026-02-24 14:16:11', '2026-02-24 14:16:11'),
(349, '2026-02-24', 'Pallekalle', 178, 1, 1, '', '2026-02-24 14:16:11', '2026-02-24 14:16:11'),
(350, '2026-02-24', 'Pallekalle', 179, 1, 1, '', '2026-02-24 14:16:11', '2026-02-24 14:16:11'),
(351, '2026-02-24', 'Pallekalle', 180, 1, 0, 'Rathmalana', '2026-02-24 14:16:11', '2026-02-24 14:16:11'),
(352, '2026-02-24', 'Pallekalle', 181, 1, 0, 'Rathmalana', '2026-02-24 14:16:11', '2026-02-24 14:16:11'),
(353, '2026-02-24', 'Pallekalle', 1, 2, 1, '', '2026-02-24 14:19:30', '2026-02-24 14:19:30'),
(354, '2026-02-24', 'Pallekalle', 2, 2, 1, '', '2026-02-24 14:19:30', '2026-02-24 14:19:30'),
(355, '2026-02-24', 'Pallekalle', 3, 2, 1, 'Informed Personal', '2026-02-24 14:19:30', '2026-02-24 14:19:30'),
(356, '2026-02-24', 'Pallekalle', 4, 2, 0, 'Approved', '2026-02-24 14:19:30', '2026-02-24 14:19:30'),
(357, '2026-02-24', 'Pallekalle', 5, 2, 1, '', '2026-02-24 14:19:30', '2026-02-24 14:19:30'),
(358, '2026-02-24', 'Pallekalle', 6, 2, 1, '', '2026-02-24 14:19:30', '2026-02-24 14:19:30'),
(359, '2026-02-24', 'Pallekalle', 89, 2, 1, '', '2026-02-24 14:19:30', '2026-02-24 14:19:30'),
(360, '2026-02-24', 'Pallekalle', 90, 2, 1, '', '2026-02-24 14:19:30', '2026-02-24 14:19:30'),
(361, '2026-02-24', 'Pallekalle', 91, 2, 1, '', '2026-02-24 14:19:30', '2026-02-24 14:19:30'),
(362, '2026-02-24', 'Pallekalle', 92, 2, 0, 'Informed  as personal', '2026-02-24 14:19:30', '2026-02-24 14:19:30'),
(363, '2026-02-24', 'Pallekalle', 93, 2, 1, '', '2026-02-24 14:19:30', '2026-02-24 14:19:30'),
(364, '2026-02-24', 'Pallekalle', 94, 2, 1, '', '2026-02-24 14:19:30', '2026-02-24 14:19:30'),
(365, '2026-02-24', 'Pallekalle', 95, 2, 1, '', '2026-02-24 14:19:30', '2026-02-24 14:19:30'),
(366, '2026-02-24', 'Pallekalle', 96, 2, 1, '', '2026-02-24 14:19:30', '2026-02-24 14:19:30'),
(367, '2026-02-24', 'Pallekalle', 97, 2, 1, 'Reported at 9 am', '2026-02-24 14:19:30', '2026-02-24 14:19:30'),
(368, '2026-02-24', 'Pallekalle', 98, 2, 1, '', '2026-02-24 14:19:30', '2026-02-24 14:19:30'),
(369, '2026-02-24', 'Pallekalle', 99, 2, 1, '', '2026-02-24 14:19:30', '2026-02-24 14:19:30'),
(370, '2026-02-24', 'Pallekalle', 100, 2, 1, '', '2026-02-24 14:19:30', '2026-02-24 14:19:30'),
(371, '2026-02-24', 'Pallekalle', 101, 2, 1, '', '2026-02-24 14:19:30', '2026-02-24 14:19:30'),
(372, '2026-02-24', 'Pallekalle', 102, 2, 1, '', '2026-02-24 14:19:30', '2026-02-24 14:19:30'),
(373, '2026-02-24', 'Pallekalle', 103, 2, 1, '', '2026-02-24 14:19:30', '2026-02-24 14:19:30'),
(374, '2026-02-24', 'Pallekalle', 104, 2, 1, '', '2026-02-24 14:19:30', '2026-02-24 14:19:30'),
(375, '2026-02-24', 'Pallekalle', 105, 2, 0, 'Rathmalana', '2026-02-24 14:19:30', '2026-02-24 14:19:30'),
(376, '2026-02-24', 'Pallekalle', 106, 2, 1, '', '2026-02-24 14:19:30', '2026-02-24 14:19:30'),
(377, '2026-02-24', 'Pallekalle', 107, 2, 1, '', '2026-02-24 14:19:30', '2026-02-24 14:19:30'),
(378, '2026-02-24', 'Pallekalle', 108, 2, 1, '', '2026-02-24 14:19:30', '2026-02-24 14:19:30'),
(379, '2026-02-24', 'Pallekalle', 109, 2, 0, 'site', '2026-02-24 14:19:30', '2026-02-24 14:19:30'),
(380, '2026-02-24', 'Pallekalle', 110, 2, 1, '', '2026-02-24 14:19:30', '2026-02-24 14:19:30'),
(381, '2026-02-24', 'Pallekalle', 111, 2, 1, '', '2026-02-24 14:19:30', '2026-02-24 14:19:30'),
(382, '2026-02-24', 'Pallekalle', 112, 2, 1, '', '2026-02-24 14:19:30', '2026-02-24 14:19:30'),
(383, '2026-02-24', 'Pallekalle', 113, 2, 1, '', '2026-02-24 14:19:30', '2026-02-24 14:19:30'),
(384, '2026-02-24', 'Pallekalle', 114, 2, 1, '', '2026-02-24 14:19:30', '2026-02-24 14:19:30'),
(385, '2026-02-24', 'Pallekalle', 115, 2, 1, '', '2026-02-24 14:19:30', '2026-02-24 14:19:30'),
(386, '2026-02-25', 'Pallekalle', 116, 1, 1, '', '2026-02-25 14:23:26', '2026-02-25 14:23:26'),
(387, '2026-02-25', 'Pallekalle', 117, 1, 1, '', '2026-02-25 14:23:26', '2026-02-25 14:23:26'),
(388, '2026-02-25', 'Pallekalle', 118, 1, 1, '', '2026-02-25 14:23:26', '2026-02-25 14:23:26'),
(389, '2026-02-25', 'Pallekalle', 119, 1, 1, '', '2026-02-25 14:23:26', '2026-02-25 14:23:26'),
(390, '2026-02-25', 'Pallekalle', 120, 1, 1, '', '2026-02-25 14:23:26', '2026-02-25 14:23:26'),
(391, '2026-02-25', 'Pallekalle', 121, 1, 0, 'Informed reported half day', '2026-02-25 14:23:26', '2026-02-25 14:23:26'),
(392, '2026-02-25', 'Pallekalle', 122, 1, 1, '', '2026-02-25 14:23:26', '2026-02-25 14:23:26'),
(393, '2026-02-25', 'Pallekalle', 123, 1, 1, '', '2026-02-25 14:23:26', '2026-02-25 14:23:26'),
(394, '2026-02-25', 'Pallekalle', 124, 1, 1, '', '2026-02-25 14:23:26', '2026-02-25 14:23:26'),
(395, '2026-02-25', 'Pallekalle', 125, 1, 1, '', '2026-02-25 14:23:26', '2026-02-25 14:23:26'),
(396, '2026-02-25', 'Pallekalle', 126, 1, 1, '', '2026-02-25 14:23:26', '2026-02-25 14:23:26'),
(397, '2026-02-25', 'Pallekalle', 127, 1, 1, '', '2026-02-25 14:23:26', '2026-02-25 14:23:26'),
(398, '2026-02-25', 'Pallekalle', 128, 1, 1, '', '2026-02-25 14:23:26', '2026-02-25 14:23:26'),
(399, '2026-02-25', 'Pallekalle', 129, 1, 1, '', '2026-02-25 14:23:26', '2026-02-25 14:23:26'),
(400, '2026-02-25', 'Pallekalle', 130, 1, 1, '', '2026-02-25 14:23:26', '2026-02-25 14:23:26'),
(401, '2026-02-25', 'Pallekalle', 131, 1, 1, '', '2026-02-25 14:23:26', '2026-02-25 14:23:26'),
(402, '2026-02-25', 'Pallekalle', 132, 1, 1, '', '2026-02-25 14:23:26', '2026-02-25 14:23:26'),
(403, '2026-02-25', 'Pallekalle', 133, 1, 1, '', '2026-02-25 14:23:26', '2026-02-25 14:23:26'),
(404, '2026-02-25', 'Pallekalle', 134, 1, 1, '', '2026-02-25 14:23:26', '2026-02-25 14:23:26'),
(405, '2026-02-25', 'Pallekalle', 135, 1, 1, '', '2026-02-25 14:23:26', '2026-02-25 14:23:26'),
(406, '2026-02-25', 'Pallekalle', 136, 1, 1, '', '2026-02-25 14:23:26', '2026-02-25 14:23:26'),
(407, '2026-02-25', 'Pallekalle', 137, 1, 1, '', '2026-02-25 14:23:26', '2026-02-25 14:23:26'),
(408, '2026-02-25', 'Pallekalle', 138, 1, 1, '', '2026-02-25 14:23:26', '2026-02-25 14:23:26'),
(409, '2026-02-25', 'Pallekalle', 139, 1, 1, '', '2026-02-25 14:23:26', '2026-02-25 14:23:26'),
(410, '2026-02-25', 'Pallekalle', 140, 1, 1, '', '2026-02-25 14:23:26', '2026-02-25 14:23:26'),
(411, '2026-02-25', 'Pallekalle', 141, 1, 1, '', '2026-02-25 14:23:26', '2026-02-25 14:23:26'),
(412, '2026-02-25', 'Pallekalle', 142, 1, 1, '', '2026-02-25 14:23:26', '2026-02-25 14:23:26'),
(413, '2026-02-25', 'Pallekalle', 143, 1, 1, '', '2026-02-25 14:23:26', '2026-02-25 14:23:26'),
(414, '2026-02-25', 'Pallekalle', 144, 1, 1, '', '2026-02-25 14:23:26', '2026-02-25 14:23:26'),
(415, '2026-02-25', 'Pallekalle', 145, 1, 1, '', '2026-02-25 14:23:26', '2026-02-25 14:23:26'),
(416, '2026-02-25', 'Pallekalle', 146, 1, 1, '', '2026-02-25 14:23:26', '2026-02-25 14:23:26'),
(417, '2026-02-25', 'Pallekalle', 147, 1, 1, '', '2026-02-25 14:23:26', '2026-02-25 14:23:26'),
(418, '2026-02-25', 'Pallekalle', 148, 1, 1, '', '2026-02-25 14:23:26', '2026-02-25 14:23:26'),
(419, '2026-02-25', 'Pallekalle', 149, 1, 1, '', '2026-02-25 14:23:26', '2026-02-25 14:23:26'),
(420, '2026-02-25', 'Pallekalle', 150, 1, 0, 'Informed personnel', '2026-02-25 14:23:26', '2026-02-25 14:23:26'),
(421, '2026-02-25', 'Pallekalle', 151, 1, 1, '', '2026-02-25 14:23:26', '2026-02-25 14:23:26'),
(422, '2026-02-25', 'Pallekalle', 152, 1, 1, '', '2026-02-25 14:23:26', '2026-02-25 14:23:26'),
(423, '2026-02-25', 'Pallekalle', 153, 1, 0, 'Approved leave', '2026-02-25 14:23:26', '2026-02-25 14:23:26'),
(424, '2026-02-25', 'Pallekalle', 154, 1, 0, 'Informed personnel', '2026-02-25 14:23:26', '2026-02-25 14:23:26'),
(425, '2026-02-25', 'Pallekalle', 155, 1, 0, 'Informed Sick', '2026-02-25 14:23:26', '2026-02-25 14:23:26'),
(426, '2026-02-25', 'Pallekalle', 156, 1, 0, '', '2026-02-25 14:23:26', '2026-02-25 14:23:26'),
(427, '2026-02-25', 'Pallekalle', 157, 1, 1, '', '2026-02-25 14:23:26', '2026-02-25 14:23:26'),
(428, '2026-02-25', 'Pallekalle', 158, 1, 1, '', '2026-02-25 14:23:26', '2026-02-25 14:23:26'),
(429, '2026-02-25', 'Pallekalle', 159, 1, 1, '', '2026-02-25 14:23:26', '2026-02-25 14:23:26'),
(430, '2026-02-25', 'Pallekalle', 160, 1, 1, '', '2026-02-25 14:23:26', '2026-02-25 14:23:26'),
(431, '2026-02-25', 'Pallekalle', 161, 1, 1, '', '2026-02-25 14:23:26', '2026-02-25 14:23:26'),
(432, '2026-02-25', 'Pallekalle', 162, 1, 1, '', '2026-02-25 14:23:26', '2026-02-25 14:23:26'),
(433, '2026-02-25', 'Pallekalle', 163, 1, 0, 'Rathmalana', '2026-02-25 14:23:26', '2026-02-25 14:23:26'),
(434, '2026-02-25', 'Pallekalle', 164, 1, 1, '', '2026-02-25 14:23:26', '2026-02-25 14:23:26'),
(435, '2026-02-25', 'Pallekalle', 165, 1, 1, '', '2026-02-25 14:23:26', '2026-02-25 14:23:26'),
(436, '2026-02-25', 'Pallekalle', 166, 1, 1, '', '2026-02-25 14:23:26', '2026-02-25 14:23:26'),
(437, '2026-02-25', 'Pallekalle', 167, 1, 1, '', '2026-02-25 14:23:26', '2026-02-25 14:23:26'),
(438, '2026-02-25', 'Pallekalle', 168, 1, 0, 'Not Informed', '2026-02-25 14:23:26', '2026-02-25 14:23:26'),
(439, '2026-02-25', 'Pallekalle', 169, 1, 0, 'Informed Sick', '2026-02-25 14:23:26', '2026-02-25 14:23:26'),
(440, '2026-02-25', 'Pallekalle', 170, 1, 1, '', '2026-02-25 14:23:26', '2026-02-25 14:23:26'),
(441, '2026-02-25', 'Pallekalle', 171, 1, 1, '', '2026-02-25 14:23:26', '2026-02-25 14:23:26'),
(442, '2026-02-25', 'Pallekalle', 172, 1, 1, '', '2026-02-25 14:23:26', '2026-02-25 14:23:26'),
(443, '2026-02-25', 'Pallekalle', 173, 1, 1, '', '2026-02-25 14:23:26', '2026-02-25 14:23:26'),
(444, '2026-02-25', 'Pallekalle', 174, 1, 1, '', '2026-02-25 14:23:26', '2026-02-25 14:23:26'),
(445, '2026-02-25', 'Pallekalle', 175, 1, 1, '', '2026-02-25 14:23:26', '2026-02-25 14:23:26'),
(446, '2026-02-25', 'Pallekalle', 176, 1, 1, '', '2026-02-25 14:23:26', '2026-02-25 14:23:26'),
(447, '2026-02-25', 'Pallekalle', 177, 1, 1, '', '2026-02-25 14:23:26', '2026-02-25 14:23:26'),
(448, '2026-02-25', 'Pallekalle', 178, 1, 1, '', '2026-02-25 14:23:26', '2026-02-25 14:23:26'),
(449, '2026-02-25', 'Pallekalle', 179, 1, 1, '', '2026-02-25 14:23:26', '2026-02-25 14:23:26'),
(450, '2026-02-25', 'Pallekalle', 180, 1, 0, 'Rathmalana', '2026-02-25 14:23:26', '2026-02-25 14:23:26'),
(451, '2026-02-25', 'Pallekalle', 181, 1, 0, 'Rathmalana', '2026-02-25 14:23:26', '2026-02-25 14:23:26'),
(452, '2026-02-25', 'Pallekalle', 1, 2, 1, '', '2026-02-25 14:27:51', '2026-02-25 14:27:51'),
(453, '2026-02-25', 'Pallekalle', 2, 2, 1, '', '2026-02-25 14:27:51', '2026-02-25 14:27:51'),
(454, '2026-02-25', 'Pallekalle', 3, 2, 1, '', '2026-02-25 14:27:51', '2026-02-25 14:27:51'),
(455, '2026-02-25', 'Pallekalle', 4, 2, 0, 'Absent Approved', '2026-02-25 14:27:51', '2026-02-25 14:27:51'),
(456, '2026-02-25', 'Pallekalle', 5, 2, 1, '', '2026-02-25 14:27:51', '2026-02-25 14:27:51'),
(457, '2026-02-25', 'Pallekalle', 6, 2, 1, '', '2026-02-25 14:27:51', '2026-02-25 14:27:51'),
(458, '2026-02-25', 'Pallekalle', 89, 2, 1, '', '2026-02-25 14:27:51', '2026-02-25 14:27:51'),
(459, '2026-02-25', 'Pallekalle', 90, 2, 1, '', '2026-02-25 14:27:51', '2026-02-25 14:27:51'),
(460, '2026-02-25', 'Pallekalle', 91, 2, 1, '', '2026-02-25 14:27:51', '2026-02-25 14:27:51'),
(461, '2026-02-25', 'Pallekalle', 92, 2, 0, 'Informed as personnel', '2026-02-25 14:27:51', '2026-02-25 14:27:51'),
(462, '2026-02-25', 'Pallekalle', 93, 2, 1, '', '2026-02-25 14:27:51', '2026-02-25 14:27:51'),
(463, '2026-02-25', 'Pallekalle', 94, 2, 1, '', '2026-02-25 14:27:51', '2026-02-25 14:27:51'),
(464, '2026-02-25', 'Pallekalle', 95, 2, 1, '', '2026-02-25 14:27:51', '2026-02-25 14:27:51'),
(465, '2026-02-25', 'Pallekalle', 96, 2, 1, '', '2026-02-25 14:27:51', '2026-02-25 14:27:51'),
(466, '2026-02-25', 'Pallekalle', 97, 2, 0, 'Informed Sick', '2026-02-25 14:27:51', '2026-02-25 14:27:51'),
(467, '2026-02-25', 'Pallekalle', 98, 2, 1, '', '2026-02-25 14:27:51', '2026-02-25 14:27:51'),
(468, '2026-02-25', 'Pallekalle', 99, 2, 1, '', '2026-02-25 14:27:51', '2026-02-25 14:27:51'),
(469, '2026-02-25', 'Pallekalle', 100, 2, 1, '', '2026-02-25 14:27:51', '2026-02-25 14:27:51'),
(470, '2026-02-25', 'Pallekalle', 101, 2, 1, '', '2026-02-25 14:27:51', '2026-02-25 14:27:51'),
(471, '2026-02-25', 'Pallekalle', 102, 2, 1, '', '2026-02-25 14:27:51', '2026-02-25 14:27:51'),
(472, '2026-02-25', 'Pallekalle', 103, 2, 1, '', '2026-02-25 14:27:51', '2026-02-25 14:27:51'),
(473, '2026-02-25', 'Pallekalle', 104, 2, 1, '', '2026-02-25 14:27:51', '2026-02-25 14:27:51'),
(474, '2026-02-25', 'Pallekalle', 105, 2, 0, 'Rathmalana', '2026-02-25 14:27:51', '2026-02-25 14:27:51'),
(475, '2026-02-25', 'Pallekalle', 106, 2, 1, '', '2026-02-25 14:27:51', '2026-02-25 14:27:51'),
(476, '2026-02-25', 'Pallekalle', 107, 2, 1, '', '2026-02-25 14:27:51', '2026-02-25 14:27:51'),
(477, '2026-02-25', 'Pallekalle', 108, 2, 1, '', '2026-02-25 14:27:51', '2026-02-25 14:27:51'),
(478, '2026-02-25', 'Pallekalle', 109, 2, 0, 'Site', '2026-02-25 14:27:51', '2026-02-25 14:27:51'),
(479, '2026-02-25', 'Pallekalle', 110, 2, 1, '', '2026-02-25 14:27:51', '2026-02-25 14:27:51'),
(480, '2026-02-25', 'Pallekalle', 111, 2, 1, '', '2026-02-25 14:27:51', '2026-02-25 14:27:51'),
(481, '2026-02-25', 'Pallekalle', 112, 2, 1, '', '2026-02-25 14:27:51', '2026-02-25 14:27:51'),
(482, '2026-02-25', 'Pallekalle', 113, 2, 1, '', '2026-02-25 14:27:51', '2026-02-25 14:27:51'),
(483, '2026-02-25', 'Pallekalle', 114, 2, 1, '', '2026-02-25 14:27:51', '2026-02-25 14:27:51'),
(484, '2026-02-25', 'Pallekalle', 115, 2, 1, '', '2026-02-25 14:27:51', '2026-02-25 14:27:51');

-- --------------------------------------------------------

--
-- Table structure for table `dt_employees`
--

CREATE TABLE `dt_employees` (
  `id` int(11) NOT NULL,
  `category_id` int(11) NOT NULL,
  `sequence_no` int(11) NOT NULL COMMENT 'Serial number in attendance sheet',
  `full_name` varchar(200) NOT NULL,
  `is_active` tinyint(1) DEFAULT '1',
  `created_at` timestamp NULL DEFAULT CURRENT_TIMESTAMP
) ENGINE=InnoDB DEFAULT CHARSET=utf8mb4;

--
-- Dumping data for table `dt_employees`
--

INSERT INTO `dt_employees` (`id`, `category_id`, `sequence_no`, `full_name`, `is_active`, `created_at`) VALUES
(1, 2, 1, 'R.M.K.D.Bandara', 1, '2026-01-17 22:37:30'),
(2, 2, 2, 'R.M.Aruna Bandara', 1, '2026-01-17 22:37:30'),
(3, 2, 3, 'M.M.Nadeer', 1, '2026-01-17 22:37:30'),
(4, 2, 4, 'Hemantha Kumara', 1, '2026-01-17 22:37:30'),
(5, 2, 5, 'K.P.P.Ranasingha', 1, '2026-01-17 22:37:30'),
(6, 2, 6, 'M.L.C.Senaka Peiris', 1, '2026-01-17 22:37:30'),
(7, 2, 7, 'L.A.C.Wickramasinghe', 1, '2026-01-17 22:37:30'),
(8, 2, 8, 'U.I.W.Adhikari', 1, '2026-01-17 22:37:30'),
(9, 2, 9, 'R.G.I.P.Rajapaksha', 1, '2026-01-17 22:37:30'),
(10, 2, 10, 'I.M.Welegedara', 1, '2026-01-17 22:37:30'),
(11, 2, 11, 'G.M.Lionel Jayarathna', 1, '2026-01-17 22:37:30'),
(12, 2, 12, 'S.A.M.E.Samaraweera', 1, '2026-01-17 22:37:30'),
(13, 2, 13, 'T.P.I.C.Perera', 1, '2026-01-17 22:37:30'),
(14, 2, 14, 'W.D.P.A.Weerasinghe', 1, '2026-01-17 22:37:30'),
(15, 2, 15, 'W.G.Hashan Premathilaka', 1, '2026-01-17 22:37:30'),
(16, 2, 16, 'W.G.L.Dilshan Weerasinghe', 1, '2026-01-17 22:37:30'),
(17, 2, 17, 'A.K.G.Tharanga D.Jayasooriya', 1, '2026-01-17 22:37:30'),
(18, 2, 18, 'R.M.D.S.W.S.B.Rathnayake', 1, '2026-01-17 22:37:30'),
(19, 2, 19, 'T.L.Randika N. Perera', 1, '2026-01-17 22:37:30'),
(20, 2, 20, 'P.Gunarathna', 1, '2026-01-17 22:37:30'),
(21, 2, 21, 'W.G.Idunil Wijebandara', 1, '2026-01-17 22:37:30'),
(23, 2, 23, 'K.W.Isura.N.T. Perera', 1, '2026-01-17 22:37:30'),
(24, 2, 24, 'G.D.S.S.Wijesinghe', 1, '2026-01-17 22:37:30'),
(25, 2, 25, 'J.M.V.A.Ariyarathne', 1, '2026-01-17 22:37:30'),
(27, 2, 27, 'K.M.Aravinda.P.Krishnadasa', 1, '2026-01-17 22:37:30'),
(29, 2, 29, 'Sudharshana Perera', 1, '2026-01-17 22:37:30'),
(30, 2, 30, 'P.D.Devinda.S.C.Arachchi', 1, '2026-01-17 22:37:30'),
(31, 2, 31, 'K.B.N.Bhathiya Hemantha', 1, '2026-01-17 22:37:30'),
(32, 2, 32, 'M.M.S.Mallawa', 1, '2026-01-17 22:37:30'),
(33, 2, 33, 'U.E.R.Chamara Wijayaweera', 1, '2026-01-17 22:37:30'),
(35, 1, 1, 'S.M.Senanayaka', 1, '2026-01-17 22:40:08'),
(36, 1, 2, 'G.G.Peiris', 1, '2026-01-17 22:40:08'),
(37, 1, 3, 'W.R.G.Sunil', 1, '2026-01-17 22:40:08'),
(38, 1, 4, 'J.M.Namal.Banda', 1, '2026-01-17 22:40:08'),
(39, 1, 5, 'I.G.N.S.Gamage', 1, '2026-01-17 22:40:08'),
(40, 1, 6, 'W.P.K.Sanath', 1, '2026-01-17 22:40:08'),
(41, 1, 7, 'A.G.Ranasingha', 1, '2026-01-17 22:40:08'),
(42, 1, 8, 'S.Wickramasingha', 1, '2026-01-17 22:40:08'),
(43, 1, 9, 'D.M.Duminda Sanath', 1, '2026-01-17 22:40:08'),
(44, 1, 10, 'V.Ravi', 1, '2026-01-17 22:40:08'),
(45, 1, 11, 'P.Krishnamoorthi', 1, '2026-01-17 22:40:08'),
(46, 1, 12, 'N.Prabakaran', 1, '2026-01-17 22:40:08'),
(47, 1, 13, 'N.S.Nanayakkara', 1, '2026-01-17 22:40:08'),
(48, 1, 14, 'K.M.Parakum Bandara', 1, '2026-01-17 22:40:08'),
(49, 1, 15, 'S.Gobiraj', 1, '2026-01-17 22:40:08'),
(50, 1, 16, 'S.Karthigesu', 1, '2026-01-17 22:40:08'),
(51, 1, 17, 'M.S.R.Manamendra', 1, '2026-01-17 22:40:08'),
(52, 1, 18, 'U.G.U.Dammika Kumara', 1, '2026-01-17 22:40:08'),
(53, 1, 19, 'K.D.S.Kalapuge', 1, '2026-01-17 22:40:08'),
(54, 1, 20, 'R.W.K.G.P. Senadeera', 1, '2026-01-17 22:40:08'),
(55, 1, 21, 'M.M.Wasantha Bandara', 1, '2026-01-17 22:40:08'),
(56, 1, 22, 'B.G.Ajith Wijesuriya', 1, '2026-01-17 22:40:08'),
(57, 1, 23, 'W.Y.M.Sampath Bandara', 1, '2026-01-17 22:40:08'),
(58, 1, 24, 'M.M.Suranga Sujeewa', 1, '2026-01-17 22:40:08'),
(59, 1, 25, 'G.Mahendran', 1, '2026-01-17 22:40:08'),
(60, 1, 26, 'J.W.Justin De Silva', 1, '2026-01-17 22:40:08'),
(61, 1, 27, 'R.M.I.K.K.Rathnayaka', 1, '2026-01-17 22:40:08'),
(62, 1, 28, 'W.Sudakaran', 1, '2026-01-17 22:40:08'),
(63, 1, 29, 'N.M.D.Manohara Nissanka', 1, '2026-01-17 22:40:08'),
(64, 1, 30, 'R.M.M. Dhanushka Rathnayaka', 1, '2026-01-17 22:40:08'),
(65, 1, 31, 'R.A.N.C.Jayawardhana', 1, '2026-01-17 22:40:08'),
(66, 1, 32, 'S.Wijekumar', 1, '2026-01-17 22:40:08'),
(67, 1, 33, 'B.G.Sumith P. Jayatissa', 1, '2026-01-17 22:40:08'),
(68, 1, 34, 'S.Vikneshwaran', 1, '2026-01-17 22:40:08'),
(69, 1, 35, 'K.G.Tharidu H.  Siriwardhana', 1, '2026-01-17 22:40:08'),
(70, 1, 36, 'M.Nagulan', 1, '2026-01-17 22:40:08'),
(71, 1, 37, 'S.M.Nipun Senavirathna', 1, '2026-01-17 22:40:08'),
(72, 1, 38, 'P.Thangaraja', 1, '2026-01-17 22:40:08'),
(73, 1, 39, 'J.M.A.N.Jayathilaka', 1, '2026-01-17 22:40:08'),
(74, 1, 40, 'R.L.W.K.Senarathna', 1, '2026-01-17 22:40:08'),
(75, 1, 41, 'W.H.S.Alwis', 1, '2026-01-17 22:40:08'),
(76, 1, 42, 'G.G.G.Hasitha Rukmal', 1, '2026-01-17 22:40:08'),
(77, 1, 43, 'G.G.G.Tharidu M. Wickramasinghe', 1, '2026-01-17 22:40:08'),
(78, 1, 44, 'P.Saman K. Wickramasingha', 1, '2026-01-17 22:40:08'),
(79, 1, 45, 'R.B.Athula Rajapaksha', 1, '2026-01-17 22:40:08'),
(80, 1, 46, 'P.Muththurajah', 1, '2026-01-17 22:40:08'),
(81, 1, 47, 'R.G.Nissanka', 1, '2026-01-17 22:40:08'),
(82, 1, 48, 'A.G.G.H.Ariyawansha', 1, '2026-01-17 22:40:08'),
(83, 1, 49, 'W.W.K.Nuwan Premakeerthi', 1, '2026-01-17 22:40:08'),
(84, 1, 50, 'P.Nagureswaran', 1, '2026-01-17 22:40:08'),
(85, 1, 51, 'R.Jeganathan', 1, '2026-01-17 22:40:08'),
(86, 1, 52, 'W.M.Senavirathna', 1, '2026-01-17 22:40:08'),
(87, 1, 53, 'P.Kandaiya', 1, '2026-01-17 22:40:08'),
(88, 1, 54, 'M.G.Wimalarathna', 1, '2026-01-17 22:40:08'),
(89, 2, 7, 'U.I.W.Adhikari', 1, '2026-01-18 00:25:27'),
(90, 2, 8, 'R.G.I.P.Rajapaksha', 1, '2026-01-18 00:25:27'),
(91, 2, 9, 'I.M.Welegedara', 1, '2026-01-18 00:25:27'),
(92, 2, 10, 'G.M.Lionel Jayarathna', 1, '2026-01-18 00:25:27'),
(93, 2, 11, 'S.A.M.E.Samaraweera', 1, '2026-01-18 00:25:27'),
(94, 2, 12, 'T.P.I.C.Perera', 1, '2026-01-18 00:25:27'),
(95, 2, 13, 'W.D.P.A.Weerasinghe', 1, '2026-01-18 00:25:27'),
(96, 2, 14, 'W.G.Hashan Premathilaka', 1, '2026-01-18 00:25:27'),
(97, 2, 15, 'W.G.L.Dilshan Weerasinghe', 1, '2026-01-18 00:25:27'),
(98, 2, 16, 'A.K.G.Tharanga D.Jayasooriya', 1, '2026-01-18 00:25:27'),
(99, 2, 17, 'R.M.D.S.W.S.B.Rathnayake', 1, '2026-01-18 00:25:27'),
(100, 2, 18, 'T.L.Randika N. Perera', 1, '2026-01-18 00:25:27'),
(101, 2, 19, 'P.Gunarathna', 1, '2026-01-18 00:25:27'),
(102, 2, 20, 'W.G.Idunil Wijebandara', 1, '2026-01-18 00:25:27'),
(103, 2, 21, 'Chaminda Bandara', 1, '2026-01-18 00:25:27'),
(104, 2, 22, 'K.W.Isura.N.T. Perera', 1, '2026-01-18 00:25:27'),
(105, 2, 23, 'J.M.V.A.Ariyarathne', 1, '2026-01-18 00:25:27'),
(106, 2, 24, 'U.G.N.Thilakarathna', 1, '2026-01-18 00:25:27'),
(107, 2, 25, 'K.M.Aravinda.P.Krishnadasa', 1, '2026-01-18 00:25:27'),
(108, 2, 26, 'L.Chamikara Thennakoon', 1, '2026-01-18 00:25:27'),
(109, 2, 27, 'Sudharshana Perera', 1, '2026-01-18 00:25:27'),
(110, 2, 28, 'P.D.Devinda.S.C.Arachchi', 1, '2026-01-18 00:25:27'),
(111, 2, 29, 'K.B.N.Bhathiya Hemantha', 1, '2026-01-18 00:25:27'),
(112, 2, 30, 'M.M.S.Mallawa', 1, '2026-01-18 00:25:27'),
(113, 2, 31, 'U.E.R.Chamara Wijayaweera', 1, '2026-01-18 00:25:27'),
(114, 2, 32, 'E.A.R.S.Ekanayake', 1, '2026-01-18 00:25:27'),
(115, 2, 33, 'W.A.S.P.D.Werasinghe', 1, '2026-01-18 00:25:27'),
(116, 1, 1, 'G.G.Peiris', 1, '2026-02-24 13:48:16'),
(117, 1, 2, 'W.R.G.Sunil', 1, '2026-02-24 13:48:16'),
(118, 1, 3, 'J.M.Namal.Banda', 1, '2026-02-24 13:48:16'),
(119, 1, 4, 'I.G.N.S.Gamage', 1, '2026-02-24 13:48:16'),
(120, 1, 5, 'W.P.K.Sanath', 1, '2026-02-24 13:48:16'),
(121, 1, 6, 'S.Wickramasingha', 1, '2026-02-24 13:48:16'),
(122, 1, 7, 'D.M.Duminda Sanath', 1, '2026-02-24 13:48:16'),
(123, 1, 8, 'V.Ravi', 1, '2026-02-24 13:48:16'),
(124, 1, 9, 'P.Krishnamoorthi', 1, '2026-02-24 13:48:16'),
(125, 1, 10, 'N.Prabakaran', 1, '2026-02-24 13:48:16'),
(126, 1, 11, 'N.S.Nanayakkara', 1, '2026-02-24 13:48:16'),
(127, 1, 12, 'K.M.Parakum Bandara', 1, '2026-02-24 13:48:16'),
(128, 1, 13, 'S.Gobiraj', 1, '2026-02-24 13:48:16'),
(129, 1, 14, 'S.Karthigesu', 1, '2026-02-24 13:48:16'),
(130, 1, 15, 'M.S.R.Manamendra', 1, '2026-02-24 13:48:16'),
(131, 1, 16, 'U.G.U.Dammika Kumara', 1, '2026-02-24 13:48:16'),
(132, 1, 17, 'K.D.S.Kalapuge', 1, '2026-02-24 13:48:16'),
(133, 1, 18, 'R.W.K.G.P. Senadeera', 1, '2026-02-24 13:48:16'),
(134, 1, 19, 'M.M.Wasantha Bandara', 1, '2026-02-24 13:48:16'),
(135, 1, 20, 'B.G.Ajith Wijesuriya', 1, '2026-02-24 13:48:16'),
(136, 1, 21, 'W.Y.M.Sampath Bandara', 1, '2026-02-24 13:48:16'),
(137, 1, 22, 'M.M.Suranga Sujeewa', 1, '2026-02-24 13:48:16'),
(138, 1, 23, 'G.Mahendran', 1, '2026-02-24 13:48:16'),
(139, 1, 24, 'J.W.Justin De Silva', 1, '2026-02-24 13:48:16'),
(140, 1, 25, 'R.M.I.K.K.Rathnayaka', 1, '2026-02-24 13:48:16'),
(141, 1, 26, 'W.Sudakaran', 1, '2026-02-24 13:48:16'),
(142, 1, 27, 'N.M.D.Manohara Nissanka', 1, '2026-02-24 13:48:16'),
(143, 1, 28, 'R.M.M. Dhanushka Rathnayaka', 1, '2026-02-24 13:48:16'),
(144, 1, 29, 'R.A.N.C.Jayawardhana', 1, '2026-02-24 13:48:16'),
(145, 1, 30, 'S.Wijekumar', 1, '2026-02-24 13:48:16'),
(146, 1, 31, 'B.G.Sumith P. Jayatissa', 1, '2026-02-24 13:48:16'),
(147, 1, 32, 'K.G.Tharidu H.Siriwardhana', 1, '2026-02-24 13:48:16'),
(148, 1, 33, 'M.Nagulan', 1, '2026-02-24 13:48:17'),
(149, 1, 34, 'S.M.Nipun Senavirathna', 1, '2026-02-24 13:48:17'),
(150, 1, 35, 'P.Thangaraja', 1, '2026-02-24 13:48:17'),
(151, 1, 36, 'J.M.A.N.Jayathilaka', 1, '2026-02-24 13:48:17'),
(152, 1, 37, 'R.L.W.K.Senarathna', 1, '2026-02-24 13:48:17'),
(153, 1, 38, 'G.G.G.Tharidu M. Wickramasinghe', 1, '2026-02-24 13:48:17'),
(154, 1, 39, 'P.Saman K. Wickramasingha', 1, '2026-02-24 13:48:17'),
(155, 1, 40, 'H.M.K.D.Herath', 1, '2026-02-24 13:48:17'),
(156, 1, 41, 'P.L.S.D.Silva', 1, '2026-02-24 13:48:17'),
(157, 1, 42, 'D.M.P.M.Dissanayaka', 1, '2026-02-24 13:48:17'),
(158, 1, 43, 'D.M.P.N.V.Dimbulgahamada', 1, '2026-02-24 13:48:17'),
(159, 1, 44, 'W.G.P.M.Pushpakumara', 1, '2026-02-24 13:48:17'),
(160, 1, 45, 'W.A.R.D.Samarawickrama', 1, '2026-02-24 13:48:17'),
(161, 1, 46, 'Y.M.E.G.Yaparatna', 1, '2026-02-24 13:48:17'),
(162, 1, 47, 'G.H.U.N.Jayarathne', 1, '2026-02-24 13:48:17'),
(163, 1, 48, 'R.M.T.S.Rajapaksha', 1, '2026-02-24 13:48:17'),
(164, 1, 49, 'W.G.Danushka P. Kumara', 1, '2026-02-24 13:48:17'),
(165, 1, 50, 'W.D.D.M.B.Wasala', 1, '2026-02-24 13:48:17'),
(166, 1, 51, 'U.L.W.G.R.K. Karunarathna', 1, '2026-02-24 13:48:17'),
(167, 1, 52, 'A.A.G.R.K.Chandrasiri', 1, '2026-02-24 13:48:17'),
(168, 1, 53, 'H.M.D.L.Jayasingha', 1, '2026-02-24 13:48:17'),
(169, 1, 54, 'R.B.Athula Rajapaksha', 1, '2026-02-24 13:48:17'),
(170, 1, 55, 'P.Muththurajah', 1, '2026-02-24 13:48:17'),
(171, 1, 56, 'R.G.Nissanka', 1, '2026-02-24 13:48:17'),
(172, 1, 57, 'A.G.G.H.Ariyawansha', 1, '2026-02-24 13:48:17'),
(173, 1, 58, 'W.W.K.Nuwan Premakeerthi', 1, '2026-02-24 13:48:17'),
(174, 1, 59, 'R.Krisnasami', 1, '2026-02-24 13:48:17'),
(175, 1, 60, 'R.Jeganathan', 1, '2026-02-24 13:48:17'),
(176, 1, 61, 'W.M.Senavirathna', 1, '2026-02-24 13:48:17'),
(177, 1, 62, 'P.Kandaiya', 1, '2026-02-24 13:48:17'),
(178, 1, 63, 'M.G.Wimalarathna', 1, '2026-02-24 13:48:17'),
(179, 1, 64, 'N.G.Rohitha Sarathchandra', 1, '2026-02-24 13:48:17'),
(180, 1, 65, 'L.P.Sisila Bandara', 1, '2026-02-24 13:48:17'),
(181, 1, 66, 'L.P.Chamidu Nimesh Bandara', 1, '2026-02-24 13:48:17');

-- --------------------------------------------------------

--
-- Table structure for table `dt_employee_categories`
--

CREATE TABLE `dt_employee_categories` (
  `id` int(11) NOT NULL,
  `category_code` varchar(20) NOT NULL,
  `category_name` varchar(80) NOT NULL,
  `created_at` timestamp NULL DEFAULT CURRENT_TIMESTAMP
) ENGINE=InnoDB DEFAULT CHARSET=utf8mb4;

--
-- Dumping data for table `dt_employee_categories`
--

INSERT INTO `dt_employee_categories` (`id`, `category_code`, `category_name`, `created_at`) VALUES
(1, 'worker', 'DT Worker', '2026-01-17 20:48:03'),
(2, 'staff', 'DT Staff', '2026-01-17 20:48:03');

-- --------------------------------------------------------

--
-- Table structure for table `dt_upload_log`
--

CREATE TABLE `dt_upload_log` (
  `id` int(11) NOT NULL,
  `upload_date` date NOT NULL,
  `category_code` varchar(20) NOT NULL,
  `filename` varchar(255) DEFAULT NULL,
  `records_processed` int(11) DEFAULT '0',
  `records_present` int(11) DEFAULT '0',
  `records_absent` int(11) DEFAULT '0',
  `status` varchar(50) DEFAULT 'success',
  `notes` text,
  `uploaded_at` timestamp NULL DEFAULT CURRENT_TIMESTAMP
) ENGINE=InnoDB DEFAULT CHARSET=utf8mb4;

--
-- Dumping data for table `dt_upload_log`
--

INSERT INTO `dt_upload_log` (`id`, `upload_date`, `category_code`, `filename`, `records_processed`, `records_present`, `records_absent`, `status`, `notes`, `uploaded_at`) VALUES
(1, '2025-01-29', 'staff', 'Staff(1) csv1.csv', 34, 31, 3, 'success', NULL, '2026-01-17 22:37:30'),
(2, '2025-01-29', 'worker', 'Dt workers(1) csv1.csv', 54, 50, 4, 'success', NULL, '2026-01-17 22:40:08'),
(3, '2026-02-19', 'staff', 'Staff(2)19 csv.csv', 33, 26, 7, 'success', NULL, '2026-01-18 00:25:27'),
(4, '2026-02-19', 'worker', 'Dt workers -Attendance -2026-02-19.csv', 66, 57, 9, 'success', NULL, '2026-02-24 13:48:17'),
(5, '2026-02-23', 'worker', '2026-02-23 DT Workers.csv', 66, 52, 14, 'success', NULL, '2026-02-24 13:58:42'),
(6, '2026-02-23', 'staff', 'Staff-2026-02-23.csv', 33, 27, 6, 'success', NULL, '2026-02-24 14:04:16'),
(7, '2026-02-24', 'worker', 'DT Workers- 24-02-2026.csv', 66, 55, 11, 'success', NULL, '2026-02-24 14:16:11'),
(8, '2026-02-24', 'staff', 'Staff-24-02-2026.csv', 33, 29, 4, 'success', NULL, '2026-02-24 14:19:30'),
(9, '2026-02-25', 'worker', 'DT Workers-2026-02-25.csv', 66, 55, 11, 'success', NULL, '2026-02-25 14:23:26'),
(10, '2026-02-25', 'staff', 'Staff-2026-02-25.csv', 33, 28, 5, 'success', NULL, '2026-02-25 14:27:51');

-- --------------------------------------------------------

--
-- Table structure for table `mh_audit_log`
--

CREATE TABLE `mh_audit_log` (
  `id` bigint(20) NOT NULL,
  `logged_at` datetime NOT NULL DEFAULT CURRENT_TIMESTAMP,
  `user_id` int(11) DEFAULT NULL,
  `username` varchar(60) NOT NULL,
  `action_type` varchar(60) NOT NULL,
  `target_table` varchar(60) DEFAULT NULL,
  `target_id` int(11) DEFAULT NULL,
  `description` text,
  `ip_address` varchar(45) DEFAULT NULL,
  `session_id` varchar(128) DEFAULT NULL
) ENGINE=InnoDB DEFAULT CHARSET=utf8mb4;

--
-- Dumping data for table `mh_audit_log`
--

INSERT INTO `mh_audit_log` (`id`, `logged_at`, `user_id`, `username`, `action_type`, `target_table`, `target_id`, `description`, `ip_address`, `session_id`) VALUES
(1, '2026-02-25 15:23:47', 1, 'admin', 'login', 'mh_users', 1, 'User logged in', '192.168.1.127', '1bdc2b3725c022f6f8fb8be3731060be'),
(2, '2026-02-25 15:38:13', 1, 'admin', 'login', 'mh_users', 1, 'User logged in', '192.168.1.127', '22d7199a32e53b80ddc5a81179747701'),
(3, '2026-02-25 15:39:43', 1, 'admin', 'password_change', 'mh_users', 1, 'Password changed for user ID 1', '192.168.1.127', '22d7199a32e53b80ddc5a81179747701'),
(4, '2026-02-25 15:40:01', 1, 'admin', 'password_change', 'mh_users', 1, 'Password changed for user ID 1', '192.168.1.127', '22d7199a32e53b80ddc5a81179747701'),
(5, '2026-02-25 15:42:26', 1, 'admin', 'logout', NULL, NULL, 'User logged out', '192.168.1.127', '22d7199a32e53b80ddc5a81179747701'),
(6, '2026-02-25 15:43:15', 2, 'viewer_user', 'login', 'mh_users', 2, 'User logged in', '192.168.1.127', '22d7199a32e53b80ddc5a81179747701');

-- --------------------------------------------------------

--
-- Table structure for table `mh_calculation_log`
--

CREATE TABLE `mh_calculation_log` (
  `id` int(11) NOT NULL,
  `run_at` timestamp NULL DEFAULT CURRENT_TIMESTAMP,
  `triggered_by` varchar(100) DEFAULT 'Admin',
  `calc_type` enum('single_day','date_range','single_employee','full_rebuild') NOT NULL DEFAULT 'single_day',
  `date_from` date NOT NULL,
  `date_to` date NOT NULL,
  `employee_id` int(11) DEFAULT NULL,
  `category_filter` varchar(20) DEFAULT NULL,
  `rows_processed` int(11) DEFAULT '0',
  `rows_updated` int(11) DEFAULT '0',
  `rows_inserted` int(11) DEFAULT '0',
  `total_hours` decimal(10,2) DEFAULT '0.00',
  `total_cost` decimal(14,2) DEFAULT '0.00',
  `status` enum('success','partial','failed') NOT NULL DEFAULT 'success',
  `notes` text
) ENGINE=InnoDB DEFAULT CHARSET=utf8mb4 COMMENT='Audit log for every man-hours/cost calculation run.';

-- --------------------------------------------------------

--
-- Table structure for table `mh_daily_summary`
--

CREATE TABLE `mh_daily_summary` (
  `id` int(11) NOT NULL,
  `summary_date` date NOT NULL,
  `employee_id` int(11) NOT NULL,
  `category_id` int(11) NOT NULL,
  `day_minutes` smallint(5) UNSIGNED NOT NULL DEFAULT '0',
  `evening_minutes` smallint(5) UNSIGNED NOT NULL DEFAULT '0',
  `night_minutes` smallint(5) UNSIGNED NOT NULL DEFAULT '0',
  `total_minutes` smallint(5) UNSIGNED NOT NULL DEFAULT '0',
  `total_hours` decimal(5,2) NOT NULL DEFAULT '0.00',
  `is_sunday` tinyint(1) NOT NULL DEFAULT '0',
  `is_holiday` tinyint(1) NOT NULL DEFAULT '0',
  `is_night_work` tinyint(1) NOT NULL DEFAULT '0',
  `effective_multiplier` decimal(4,2) NOT NULL DEFAULT '1.00',
  `hourly_rate` decimal(10,2) DEFAULT NULL,
  `currency` varchar(5) DEFAULT 'LKR',
  `base_cost` decimal(12,2) DEFAULT NULL,
  `adjusted_cost` decimal(12,2) DEFAULT NULL,
  `calculated_at` timestamp NULL DEFAULT CURRENT_TIMESTAMP ON UPDATE CURRENT_TIMESTAMP,
  `calculated_by` varchar(100) DEFAULT 'System'
) ENGINE=InnoDB DEFAULT CHARSET=utf8mb4 COMMENT='Pre-computed daily man-hours and labor cost per employee.';

-- --------------------------------------------------------

--
-- Table structure for table `mh_employee_rates`
--

CREATE TABLE `mh_employee_rates` (
  `id` int(11) NOT NULL,
  `employee_id` int(11) NOT NULL,
  `category_id` int(11) NOT NULL,
  `hourly_rate` decimal(10,2) NOT NULL,
  `currency` varchar(5) NOT NULL DEFAULT 'LKR',
  `valid_from` date NOT NULL,
  `valid_to` date DEFAULT NULL COMMENT 'NULL = currently active',
  `notes` varchar(255) DEFAULT NULL,
  `created_at` timestamp NULL DEFAULT CURRENT_TIMESTAMP,
  `updated_by` varchar(100) DEFAULT 'Admin'
) ENGINE=InnoDB DEFAULT CHARSET=utf8mb4 COMMENT='Hourly rates per DT employee. Rate history is preserved.';

--
-- Dumping data for table `mh_employee_rates`
--

INSERT INTO `mh_employee_rates` (`id`, `employee_id`, `category_id`, `hourly_rate`, `currency`, `valid_from`, `valid_to`, `notes`, `created_at`, `updated_by`) VALUES
(1, 114, 2, 312.50, 'LKR', '2026-02-25', NULL, 'ok', '2026-02-25 13:05:43', 'Admin');

-- --------------------------------------------------------

--
-- Table structure for table `mh_shift_config`
--

CREATE TABLE `mh_shift_config` (
  `id` int(11) NOT NULL,
  `config_name` varchar(100) NOT NULL,
  `day_shift_start` time NOT NULL DEFAULT '07:00:00',
  `day_shift_end` time NOT NULL DEFAULT '17:00:00',
  `eve_shift_start` time NOT NULL DEFAULT '17:00:00',
  `eve_shift_end` time NOT NULL DEFAULT '00:00:00',
  `night_shift_start` time NOT NULL DEFAULT '17:00:00',
  `night_shift_end` time NOT NULL DEFAULT '07:00:00',
  `sunday_multiplier` decimal(4,2) NOT NULL DEFAULT '2.00',
  `holiday_multiplier` decimal(4,2) NOT NULL DEFAULT '2.00',
  `night_multiplier` decimal(4,2) NOT NULL DEFAULT '1.50',
  `overtime_multiplier` decimal(4,2) NOT NULL DEFAULT '1.25',
  `effective_from` date NOT NULL,
  `is_active` tinyint(1) NOT NULL DEFAULT '1',
  `created_at` timestamp NULL DEFAULT CURRENT_TIMESTAMP,
  `updated_at` timestamp NULL DEFAULT CURRENT_TIMESTAMP ON UPDATE CURRENT_TIMESTAMP
) ENGINE=InnoDB DEFAULT CHARSET=utf8mb4 COMMENT='Editable shift time rules and pay multipliers.';

--
-- Dumping data for table `mh_shift_config`
--

INSERT INTO `mh_shift_config` (`id`, `config_name`, `day_shift_start`, `day_shift_end`, `eve_shift_start`, `eve_shift_end`, `night_shift_start`, `night_shift_end`, `sunday_multiplier`, `holiday_multiplier`, `night_multiplier`, `overtime_multiplier`, `effective_from`, `is_active`, `created_at`, `updated_at`) VALUES
(1, 'Standard Configuration', '07:00:00', '17:00:00', '17:00:00', '00:00:00', '17:00:00', '07:00:00', 2.00, 2.00, 1.50, 1.25, '2026-02-25', 1, '2026-02-25 12:42:07', '2026-02-25 12:42:07');

-- --------------------------------------------------------

--
-- Table structure for table `mh_special_days`
--

CREATE TABLE `mh_special_days` (
  `id` int(11) NOT NULL,
  `special_date` date NOT NULL,
  `day_type` enum('sunday','public_holiday','special_holiday','half_day','normal_working') NOT NULL DEFAULT 'public_holiday',
  `description` varchar(200) DEFAULT NULL,
  `pay_multiplier` decimal(4,2) DEFAULT NULL COMMENT 'NULL = use mh_shift_config value',
  `is_active` tinyint(1) NOT NULL DEFAULT '1',
  `created_at` timestamp NULL DEFAULT CURRENT_TIMESTAMP
) ENGINE=InnoDB DEFAULT CHARSET=utf8mb4 COMMENT='Public holidays and special days with optional pay multiplier overrides.';

--
-- Dumping data for table `mh_special_days`
--

INSERT INTO `mh_special_days` (`id`, `special_date`, `day_type`, `description`, `pay_multiplier`, `is_active`, `created_at`) VALUES
(1, '2026-01-01', 'public_holiday', 'New Year Day', NULL, 1, '2026-02-25 12:42:07'),
(2, '2026-01-14', 'public_holiday', 'Tamil Thai Pongal Day', NULL, 1, '2026-02-25 12:42:07'),
(3, '2026-02-04', 'public_holiday', 'National Day', NULL, 1, '2026-02-25 12:42:07'),
(4, '2026-03-03', 'public_holiday', 'Maha Sivarathri', NULL, 1, '2026-02-25 12:42:07'),
(5, '2026-04-02', 'public_holiday', 'Good Friday', NULL, 1, '2026-02-25 12:42:07'),
(6, '2026-04-13', 'public_holiday', 'Day before Sinhala & Tamil New Year', NULL, 1, '2026-02-25 12:42:07'),
(7, '2026-04-14', 'public_holiday', 'Sinhala & Tamil New Year', NULL, 1, '2026-02-25 12:42:07'),
(8, '2026-05-01', 'public_holiday', 'Labour Day', NULL, 1, '2026-02-25 12:42:07'),
(9, '2026-05-13', 'public_holiday', 'Vesak Full Moon Poya', NULL, 1, '2026-02-25 12:42:07'),
(10, '2026-05-14', 'public_holiday', 'Day following Vesak', NULL, 1, '2026-02-25 12:42:07'),
(11, '2026-06-11', 'public_holiday', 'Poson Full Moon Poya', NULL, 1, '2026-02-25 12:42:07'),
(12, '2026-07-11', 'public_holiday', 'Esala Full Moon Poya', NULL, 1, '2026-02-25 12:42:07'),
(13, '2026-08-10', 'public_holiday', 'Nikini Full Moon Poya', NULL, 1, '2026-02-25 12:42:07'),
(14, '2026-09-08', 'public_holiday', 'Binara Full Moon Poya', NULL, 1, '2026-02-25 12:42:07'),
(15, '2026-10-07', 'public_holiday', 'Vap Full Moon Poya', NULL, 1, '2026-02-25 12:42:07'),
(16, '2026-10-20', 'public_holiday', 'Deepavali', NULL, 1, '2026-02-25 12:42:07'),
(17, '2026-11-06', 'public_holiday', 'Il Full Moon Poya', NULL, 1, '2026-02-25 12:42:07'),
(18, '2026-12-06', 'public_holiday', 'Unduvap Full Moon Poya', NULL, 1, '2026-02-25 12:42:07'),
(19, '2026-12-25', 'public_holiday', 'Christmas Day', NULL, 1, '2026-02-25 12:42:07');

-- --------------------------------------------------------

--
-- Table structure for table `mh_time_entries`
--

CREATE TABLE `mh_time_entries` (
  `id` int(11) NOT NULL,
  `entry_date` date NOT NULL,
  `employee_id` int(11) NOT NULL,
  `category_id` int(11) NOT NULL,
  `attendance_id` int(11) DEFAULT NULL COMMENT 'Optional FK  dt_attendance_records.id',
  `time_in` time NOT NULL,
  `time_out` time DEFAULT NULL,
  `crosses_midnight` tinyint(1) NOT NULL DEFAULT '0' COMMENT '1 = time_out is on the next calendar day',
  `shift_type` enum('day','evening','night','overtime') NOT NULL DEFAULT 'day',
  `is_night_shift` tinyint(1) NOT NULL DEFAULT '0',
  `shift_config_id` int(11) DEFAULT NULL,
  `raw_minutes` smallint(5) UNSIGNED DEFAULT NULL,
  `break_minutes` smallint(5) UNSIGNED NOT NULL DEFAULT '0',
  `billable_minutes` smallint(5) UNSIGNED DEFAULT NULL,
  `is_sunday` tinyint(1) NOT NULL DEFAULT '0',
  `is_holiday` tinyint(1) NOT NULL DEFAULT '0',
  `special_day_id` int(11) DEFAULT NULL,
  `status` enum('open','confirmed','locked') NOT NULL DEFAULT 'open',
  `remark` varchar(255) DEFAULT NULL,
  `created_at` timestamp NULL DEFAULT CURRENT_TIMESTAMP,
  `updated_at` timestamp NULL DEFAULT CURRENT_TIMESTAMP ON UPDATE CURRENT_TIMESTAMP,
  `updated_by` varchar(100) DEFAULT 'Admin'
) ENGINE=InnoDB DEFAULT CHARSET=utf8mb4 COMMENT='Primary time-entry table. One row per work session per employee per day.';

-- --------------------------------------------------------

--
-- Table structure for table `mh_users`
--

CREATE TABLE `mh_users` (
  `id` int(11) NOT NULL,
  `username` varchar(60) NOT NULL,
  `display_name` varchar(120) NOT NULL,
  `password_hash` varchar(255) NOT NULL,
  `role` enum('admin','viewer') NOT NULL DEFAULT 'viewer',
  `is_active` tinyint(1) NOT NULL DEFAULT '1',
  `last_login` datetime DEFAULT NULL,
  `login_count` int(11) NOT NULL DEFAULT '0',
  `created_at` datetime NOT NULL DEFAULT CURRENT_TIMESTAMP,
  `updated_at` datetime NOT NULL DEFAULT CURRENT_TIMESTAMP ON UPDATE CURRENT_TIMESTAMP,
  `created_by` varchar(60) DEFAULT NULL
) ENGINE=InnoDB DEFAULT CHARSET=utf8mb4;

--
-- Dumping data for table `mh_users`
--

INSERT INTO `mh_users` (`id`, `username`, `display_name`, `password_hash`, `role`, `is_active`, `last_login`, `login_count`, `created_at`, `updated_at`, `created_by`) VALUES
(1, 'admin', 'admin', '$2y$12$S.cT7H/4p6HB4PD8JY9GauuPa5.qnjyr.l7Vm2t2gaRqK.mmlrT26', 'admin', 1, '2026-02-25 15:38:13', 2, '2026-02-25 15:23:27', '2026-02-25 15:40:01', 'System'),
(2, 'viewer_user', 'viewer_user', '$2a$12$hhgfvIKgQ/tzTHtqAUc1mua4DBaMbuSxmqwiCPxwUxd2xRwB/YK7q', 'viewer', 1, '2026-02-25 15:43:15', 1, '2026-02-25 15:41:49', '2026-02-25 15:43:15', NULL);

-- --------------------------------------------------------

--
-- Table structure for table `pdf_documents`
--

CREATE TABLE `pdf_documents` (
  `id` int(11) NOT NULL,
  `category` enum('dt_staff','dt_worker','dt_contractor') NOT NULL,
  `title` varchar(255) NOT NULL,
  `description` text,
  `original_name` varchar(255) NOT NULL,
  `stored_name` varchar(255) NOT NULL,
  `file_size` int(11) NOT NULL DEFAULT '0',
  `page_count` int(11) DEFAULT NULL,
  `doc_date` date NOT NULL COMMENT 'Document / reference date',
  `uploaded_by` varchar(100) DEFAULT 'Admin',
  `uploaded_at` timestamp NULL DEFAULT CURRENT_TIMESTAMP,
  `updated_at` timestamp NULL DEFAULT CURRENT_TIMESTAMP ON UPDATE CURRENT_TIMESTAMP,
  `is_active` tinyint(1) DEFAULT '1'
) ENGINE=InnoDB DEFAULT CHARSET=utf8mb4;

--
-- Dumping data for table `pdf_documents`
--

INSERT INTO `pdf_documents` (`id`, `category`, `title`, `description`, `original_name`, `stored_name`, `file_size`, `page_count`, `doc_date`, `uploaded_by`, `uploaded_at`, `updated_at`, `is_active`) VALUES
(1, 'dt_staff', 'staff-2025 jan 2025', 'pdf', 'Staff.pdf', '20260118_111655_696c50a7d896a.pdf', 17088, 1, '2026-01-02', 'Admin', '2026-01-18 03:16:55', '2026-01-18 03:16:55', 1),
(2, 'dt_staff', '2026.01.02', '2026.01.02', 'Staff.pdf', '20260118_130136_696c693059dfa.pdf', 17088, 1, '2026-01-02', 'Admin', '2026-01-18 05:01:36', '2026-01-18 05:01:36', 1),
(3, 'dt_worker', '2026.01.02-worker', '2026.01.02-worker', 'DT Workers.pdf', '20260118_130328_696c69a089a39.pdf', 28270, 1, '2026-01-02', 'Admin', '2026-01-18 05:03:28', '2026-01-18 05:03:28', 1),
(4, 'dt_contractor', '2026.01.02-contactor', '2026.01.02-contactor', 'Contractors.pdf', '20260118_130502_696c69fedd952.pdf', 32974, 1, '2026-01-02', 'Admin', '2026-01-18 05:05:02', '2026-01-18 05:05:02', 1),
(5, 'dt_staff', 'DT staff', '2026.01.05', 'Staff.pdf', '20260118_133743_696c71a7d106e.pdf', 17393, 1, '2026-01-05', 'Admin', '2026-01-18 05:37:43', '2026-01-18 05:37:43', 1),
(6, 'dt_worker', 'DT workers', '2026.01.05', 'DT Workers.pdf', '20260118_133852_696c71ec5d706.pdf', 28087, 1, '2026-01-05', 'Admin', '2026-01-18 05:38:52', '2026-01-18 05:38:52', 1),
(7, 'dt_contractor', 'DT contractors', '2026.01.05', 'Contractors.pdf', '20260118_134003_696c7233d5db5.pdf', 32972, 1, '2026-01-05', 'Admin', '2026-01-18 05:40:03', '2026-01-18 05:40:03', 1),
(8, 'dt_staff', 'DT staff', '2026.01.06', 'Staff.pdf', '20260118_134103_696c726fec403.pdf', 17046, 1, '2026-01-06', 'Admin', '2026-01-18 05:41:03', '2026-01-18 05:41:03', 1),
(9, 'dt_worker', 'DT workers', '2026.01.06', 'DT Workers.pdf', '20260118_134211_696c72b35c518.pdf', 28392, 1, '2026-01-06', 'Admin', '2026-01-18 05:42:11', '2026-01-18 05:42:11', 1),
(10, 'dt_contractor', 'DT contractor', '2026.01.06', 'Contractors.pdf', '20260118_134330_696c73020c0a3.pdf', 34883, 1, '2026-01-06', 'Admin', '2026-01-18 05:43:30', '2026-01-18 05:43:30', 1),
(11, 'dt_staff', 'DT staff', '2026.01.07', 'Staff.pdf', '20260118_134435_696c7343d5a3e.pdf', 17063, 1, '2026-01-07', 'Admin', '2026-01-18 05:44:35', '2026-01-18 05:44:35', 1),
(12, 'dt_worker', 'DT workes', '2026.01.07', 'DT Workers.pdf', '20260118_134722_696c73ea132e7.pdf', 28670, 1, '2026-01-07', 'Admin', '2026-01-18 05:47:22', '2026-01-18 05:47:22', 1),
(13, 'dt_contractor', 'DT contractors', '2026.01.07', 'Contractors.pdf', '20260118_134824_696c7428ab1ff.pdf', 34614, 1, '2026-01-07', 'Admin', '2026-01-18 05:48:24', '2026-01-18 05:48:24', 1),
(14, 'dt_staff', 'DT staff', '2026.01.08', 'Staff.pdf', '20260118_134914_696c745a82e02.pdf', 17210, 1, '2026-01-08', 'Admin', '2026-01-18 05:49:14', '2026-01-18 05:49:14', 1),
(15, 'dt_worker', 'DT workers', '2026.01.08', 'DT Workers.pdf', '20260118_134958_696c7486495a1.pdf', 28620, 1, '2026-01-08', 'Admin', '2026-01-18 05:49:58', '2026-01-18 05:49:58', 1),
(16, 'dt_contractor', 'DT contractors', '2026.01.08', 'Contractors.pdf', '20260118_135049_696c74b988261.pdf', 35092, 1, '2026-01-08', 'Admin', '2026-01-18 05:50:49', '2026-01-18 05:50:49', 1),
(17, 'dt_staff', 'DT staff', '2026.01.09', 'Staff.pdf', '20260118_135136_696c74e8498c7.pdf', 17216, 1, '2026-01-09', 'Admin', '2026-01-18 05:51:36', '2026-01-18 05:51:36', 1),
(18, 'dt_worker', 'DT workers', '2026.01.09', 'DT Workers.pdf', '20260118_135223_696c75172986e.pdf', 28722, 1, '2026-01-09', 'Admin', '2026-01-18 05:52:23', '2026-01-18 05:52:23', 1),
(19, 'dt_contractor', 'DT contractor', '2026.01.09', 'Contractors.pdf', '20260118_135308_696c75442cdbe.pdf', 35217, 1, '2026-01-09', 'Admin', '2026-01-18 05:53:08', '2026-01-18 05:53:08', 1),
(20, 'dt_staff', 'DT staff', '2026.01.10', 'Staff.pdf', '20260118_135708_696c763409d08.pdf', 17119, 1, '2026-01-10', 'Admin', '2026-01-18 05:57:08', '2026-01-18 05:57:08', 1),
(21, 'dt_worker', 'DT workers', '2026.01.10', 'Dt workers.pdf', '20260118_135809_696c767150f49.pdf', 28248, 1, '2026-01-10', 'Admin', '2026-01-18 05:58:09', '2026-01-18 05:58:09', 1),
(22, 'dt_contractor', 'DT contractor', '2026.01.10', 'Contractors.pdf', '20260118_135858_696c76a24f141.pdf', 35088, 1, '2026-01-10', 'Admin', '2026-01-18 05:58:58', '2026-01-18 05:58:58', 1),
(23, 'dt_staff', 'DT staff', '2026.01.12', 'Staff.pdf', '20260118_135952_696c76d88a9e6.pdf', 17407, 1, '2026-01-12', 'Admin', '2026-01-18 05:59:52', '2026-01-18 05:59:52', 1),
(24, 'dt_worker', 'DT workers', '2026.01.12', 'DT Workers.pdf', '20260118_140030_696c76fece7ac.pdf', 28337, 1, '2026-01-12', 'Admin', '2026-01-18 06:00:30', '2026-01-18 06:00:30', 1),
(25, 'dt_contractor', 'DT contractor', '2026.01.12', 'Contractors.pdf', '20260118_140132_696c773c5f189.pdf', 35167, 1, '2026-01-12', 'Admin', '2026-01-18 06:01:32', '2026-01-18 06:01:32', 1),
(26, 'dt_staff', 'DT staff', '2026.01.13', 'Staff.pdf', '20260118_140254_696c778e5dcfb.pdf', 17233, 1, '2026-01-13', 'Admin', '2026-01-18 06:02:54', '2026-01-18 06:02:54', 1),
(27, 'dt_worker', 'DT workers', '2026.01.13', 'DT Workers.pdf', '20260118_140330_696c77b2c94da.pdf', 29260, 1, '2026-01-13', 'Admin', '2026-01-18 06:03:30', '2026-01-18 06:03:30', 1),
(28, 'dt_contractor', 'DT conttractors', '2026.01.13', 'Contractors.pdf', '20260118_140419_696c77e395ca2.pdf', 34202, 1, '2026-01-13', 'Admin', '2026-01-18 06:04:19', '2026-01-18 06:04:19', 1),
(29, 'dt_staff', 'DT staff', '2026.01.14', 'Staff [1].pdf', '20260118_140458_696c780aa00c7.pdf', 17231, 1, '2026-01-14', 'Admin', '2026-01-18 06:04:58', '2026-01-18 06:04:58', 1),
(30, 'dt_worker', 'DT workers', '2026.01.14', 'DT Workers [1].pdf', '20260118_140536_696c7830e20b6.pdf', 28925, 1, '2026-01-14', 'Admin', '2026-01-18 06:05:36', '2026-01-18 06:05:36', 1),
(31, 'dt_contractor', 'DT contractor', '2026.01.14', 'Contractors [1].pdf', '20260118_140643_696c78738593f.pdf', 34076, 1, '2026-01-14', 'Admin', '2026-01-18 06:06:43', '2026-01-18 06:06:43', 1),
(32, 'dt_staff', 'DT staff', '2026.01.16', 'Staff.pdf', '20260118_140736_696c78a88ab2c.pdf', 17408, 1, '2026-01-16', 'Admin', '2026-01-18 06:07:36', '2026-01-18 06:07:36', 1),
(33, 'dt_worker', 'DT workers', '2026.01.16', 'Dt workers.pdf', '20260118_140817_696c78d1b0af7.pdf', 29144, 1, '2026-01-16', 'Admin', '2026-01-18 06:08:17', '2026-01-18 06:08:17', 1),
(34, 'dt_contractor', 'DT contractors', '2026.01.16', 'Contractors.pdf', '20260118_140916_696c790c30456.pdf', 34770, 1, '2026-01-16', 'Admin', '2026-01-18 06:09:16', '2026-01-18 06:09:16', 1),
(35, 'dt_staff', 'DT staff', '2026.01.17', 'Staff.pdf', '20260118_140957_696c79358cdbd.pdf', 16998, 1, '2026-01-17', 'Admin', '2026-01-18 06:09:57', '2026-01-18 06:09:57', 1),
(36, 'dt_worker', 'DT workers', '2026.01.17', 'Dt workers.pdf', '20260118_141047_696c7967ca485.pdf', 28812, 1, '2026-01-17', 'Admin', '2026-01-18 06:10:47', '2026-01-18 06:10:47', 1),
(37, 'dt_contractor', 'DT contractors', '2026.01.17', 'Contractors.pdf', '20260118_141124_696c798c2b8f7.pdf', 34770, 1, '2026-01-17', 'Admin', '2026-01-18 06:11:24', '2026-01-18 06:11:24', 1),
(41, 'dt_staff', 'DT staff', '2026.01.19', 'Staff.pdf', '20260118_141647_696c7acfb28cc.pdf', 17393, 1, '2026-01-19', 'Admin', '2026-01-18 06:16:47', '2026-01-18 06:16:47', 1),
(42, 'dt_worker', 'DT workers', '2026.01.19', 'DT Workers.pdf', '20260118_141725_696c7af5b057a.pdf', 29094, 1, '2026-01-19', 'Admin', '2026-01-18 06:17:25', '2026-01-18 06:17:25', 1),
(43, 'dt_contractor', 'DT contractor', '2026.01.19', 'Contractors.pdf', '20260118_141758_696c7b16f3fb6.pdf', 34770, 1, '2026-01-19', 'Admin', '2026-01-18 06:17:58', '2026-01-18 06:17:58', 1),
(44, 'dt_staff', 'DT staff', '2026.01.20', 'Staff.pdf', '20260118_141859_696c7b53ec80b.pdf', 16995, 1, '2026-01-20', 'Admin', '2026-01-18 06:18:59', '2026-01-18 06:18:59', 1),
(45, 'dt_worker', 'DT Workers', '2026.01.20', 'DT Workers.pdf', '20260118_141939_696c7b7bc0335.pdf', 28847, 1, '2026-01-20', 'Admin', '2026-01-18 06:19:39', '2026-01-18 06:19:39', 1),
(46, 'dt_contractor', 'DT contractor', '2026.01.20', 'Contractors.pdf', '20260118_142013_696c7b9d4c3bb.pdf', 34770, 1, '2026-01-20', 'Admin', '2026-01-18 06:20:13', '2026-01-18 06:20:13', 1),
(47, 'dt_staff', 'DT staff', '2026.01.21', 'Staff.pdf', '20260118_142108_696c7bd4a8980.pdf', 17238, 1, '2026-01-21', 'Admin', '2026-01-18 06:21:08', '2026-01-18 06:21:08', 1),
(48, 'dt_worker', 'DT workers', '2026.01.21', 'DT Workers.pdf', '20260118_142202_696c7c0abf447.pdf', 28921, 1, '2026-01-21', 'Admin', '2026-01-18 06:22:02', '2026-01-18 06:22:02', 1),
(49, 'dt_contractor', 'DT staff', '2026.01.21', 'Contractors.pdf', '20260118_142235_696c7c2b90d75.pdf', 34648, 1, '2026-01-21', 'Admin', '2026-01-18 06:22:35', '2026-01-18 06:22:35', 1),
(50, 'dt_staff', 'DT staff', '2026.01.22', 'Staff.pdf', '20260118_142333_696c7c65493b5.pdf', 17237, 1, '2026-01-22', 'Admin', '2026-01-18 06:23:33', '2026-01-18 06:23:33', 1),
(51, 'dt_worker', 'DT WORKERS', '2026.01.22', 'DT Workers.pdf', '20260118_142408_696c7c88b644c.pdf', 29187, 1, '2026-01-22', 'Admin', '2026-01-18 06:24:08', '2026-01-18 06:24:08', 1),
(52, 'dt_contractor', 'DT contractors', '2026.01.22', 'Contractors.pdf', '20260118_142452_696c7cb4990fb.pdf', 34799, 1, '2026-01-22', 'Admin', '2026-01-18 06:24:52', '2026-01-18 06:24:52', 1),
(53, 'dt_staff', 'DT staff', '2026.01.23', 'Staff.pdf', '20260118_142849_696c7da1cf7a3.pdf', 16980, 1, '2026-01-23', 'Admin', '2026-01-18 06:28:49', '2026-01-18 06:28:49', 1),
(54, 'dt_worker', 'DT workers', '206.01.23', 'DT Workers.pdf', '20260118_142929_696c7dc9266c1.pdf', 28771, 1, '2026-01-23', 'Admin', '2026-01-18 06:29:29', '2026-01-18 06:29:29', 1),
(55, 'dt_contractor', 'DT contractors', '2026.01.23', 'Contractors.pdf', '20260118_143014_696c7df635053.pdf', 34781, 1, '2026-01-23', 'Admin', '2026-01-18 06:30:14', '2026-01-18 06:30:14', 1),
(56, 'dt_staff', 'DT staff', '2026.01.24', 'Staff.pdf', '20260118_143102_696c7e26697d4.pdf', 17010, 1, '2026-01-24', 'Admin', '2026-01-18 06:31:02', '2026-01-18 06:31:02', 1),
(57, 'dt_worker', 'DT workes', '2026.01.24', 'DT Workers.pdf', '20260118_143141_696c7e4d9572a.pdf', 28986, 1, '2026-01-24', 'Admin', '2026-01-18 06:31:41', '2026-01-18 06:31:41', 1),
(58, 'dt_contractor', 'DT contractor', '2026.01.24', 'Contractors.pdf', '20260118_143213_696c7e6dc016e.pdf', 34767, 1, '2026-01-24', 'Admin', '2026-01-18 06:32:13', '2026-01-18 06:32:13', 1),
(59, 'dt_staff', 'DT staff', '2026.01.26', 'Staff.pdf', '20260118_143306_696c7ea2d8092.pdf', 17539, 1, '2026-01-26', 'Admin', '2026-01-18 06:33:06', '2026-01-18 06:33:06', 1),
(60, 'dt_worker', 'DT workers', '2026.01.26', 'Dt workers.pdf', '20260118_143355_696c7ed3e0fd4.pdf', 29636, 2, '2026-01-26', 'Admin', '2026-01-18 06:33:55', '2026-01-18 06:33:55', 1),
(61, 'dt_contractor', 'DT contractor', '2026.01.26', 'Contractors.pdf', '20260118_143437_696c7efd9722d.pdf', 35808, 1, '2026-01-26', 'Admin', '2026-01-18 06:34:37', '2026-01-18 06:34:37', 1),
(62, 'dt_staff', 'DT staff', '2026.01.27', 'Staff.pdf', '20260118_143521_696c7f291ff81.pdf', 16963, 1, '2026-01-27', 'Admin', '2026-01-18 06:35:21', '2026-01-18 06:35:21', 1),
(63, 'dt_worker', 'DT workers', '2026.01.27', 'DT Workers.pdf', '20260118_143612_696c7f5c4a66d.pdf', 28869, 1, '2026-01-27', 'Admin', '2026-01-18 06:36:12', '2026-01-18 06:36:12', 1),
(64, 'dt_contractor', 'DT contractor', '2026.01.27', 'Contractors.pdf', '20260118_143706_696c7f928a805.pdf', 35805, 1, '2026-01-27', 'Admin', '2026-01-18 06:37:06', '2026-01-18 06:37:06', 1),
(65, 'dt_staff', 'DT staff', '2026.01.28', 'Staff [1].pdf', '20260118_145612_696c840c77884.pdf', 17237, 1, '2026-01-28', 'Admin', '2026-01-18 06:56:12', '2026-01-18 06:56:12', 1),
(66, 'dt_worker', 'DT workers', '2026.01.28', 'DT Workers [1].pdf', '20260118_145711_696c8447ca5df.pdf', 28977, 1, '2026-01-28', 'Admin', '2026-01-18 06:57:11', '2026-01-18 06:57:11', 1),
(67, 'dt_contractor', 'DT contractors', '2026.01.28', 'Contractors [1].pdf', '20260118_145755_696c84737f58b.pdf', 35811, 1, '2026-01-28', 'Admin', '2026-01-18 06:57:55', '2026-01-18 06:57:55', 1),
(68, 'dt_staff', 'DT staff', '2026.01.29', 'Staff.pdf', '20260118_145840_696c84a0f21f5.pdf', 17717, 1, '2026-01-29', 'Admin', '2026-01-18 06:58:40', '2026-01-18 06:58:40', 1),
(69, 'dt_worker', 'DT workers', '2026.01.29', 'Dt workers.pdf', '20260118_145918_696c84c6391d7.pdf', 25240, 1, '2026-01-29', 'Admin', '2026-01-18 06:59:18', '2026-01-18 06:59:18', 1),
(70, 'dt_contractor', 'DT contractors', '2026.01.29', 'Contractors.pdf', '20260118_150001_696c84f1da4c8.pdf', 45246, 1, '2026-01-29', 'Admin', '2026-01-18 07:00:01', '2026-01-18 07:00:01', 1),
(71, 'dt_staff', 'DT staff', '2026.01.30', 'Staff.pdf', '20260118_150044_696c851c41be2.pdf', 16968, 1, '2026-01-30', 'Admin', '2026-01-18 07:00:44', '2026-01-18 07:00:44', 1),
(72, 'dt_worker', 'DT workers', '2026.01.30', 'DT Workers.pdf', '20260118_150120_696c8540b1cbf.pdf', 28828, 1, '2026-01-30', 'Admin', '2026-01-18 07:01:20', '2026-01-18 07:01:20', 1),
(73, 'dt_contractor', 'DT  contractors', '2026.01.30', 'Contractors.pdf', '20260118_150155_696c8563b884a.pdf', 36109, 1, '2026-01-30', 'Admin', '2026-01-18 07:01:55', '2026-01-18 07:01:55', 1),
(74, 'dt_staff', 'DT staff', '2026.01.31', 'Staff.pdf', '20260118_150258_696c85a2e6a7a.pdf', 17206, 1, '2026-01-31', 'Admin', '2026-01-18 07:02:58', '2026-01-18 07:02:58', 1),
(75, 'dt_worker', 'DT workers', '2026.01.31', 'DT Workers.pdf', '20260118_150338_696c85ca1f076.pdf', 28787, 1, '2026-01-31', 'Admin', '2026-01-18 07:03:38', '2026-01-18 07:03:38', 1),
(76, 'dt_contractor', 'DT contractor', '2026.01.31', 'Contractors.pdf', '20260118_150428_696c85fc77b5e.pdf', 36068, 1, '2026-01-31', 'Admin', '2026-01-18 07:04:28', '2026-01-18 07:04:28', 1),
(77, 'dt_staff', 'DT staff', '2026.02.02', 'Staff.pdf', '20260118_150706_696c869a116e2.pdf', 17423, 1, '2026-02-02', 'Admin', '2026-01-18 07:07:06', '2026-01-18 07:07:06', 1),
(78, 'dt_worker', 'DT workers', '2026.02.02', 'Dt workers.pdf', '20260118_150737_696c86b98cfd1.pdf', 28967, 1, '2026-02-02', 'Admin', '2026-01-18 07:07:37', '2026-01-18 07:07:37', 1),
(79, 'dt_contractor', 'DT contractors', '2026.02.02', 'Contractors.pdf', '20260118_150816_696c86e0a9f1d.pdf', 35999, 1, '2026-02-02', 'Admin', '2026-01-18 07:08:16', '2026-01-18 07:08:16', 1),
(80, 'dt_worker', 'DT worker', '2026.02.03', 'Dt workers.pdf', '20260118_151741_696c89152a3ef.pdf', 28846, 1, '2026-02-03', 'Admin', '2026-01-18 07:17:41', '2026-01-18 07:17:41', 1),
(81, 'dt_contractor', 'DT contractors', '2026.02.03', 'Contractors.pdf', '20260118_151851_696c895bd0877.pdf', 36366, 1, '2026-02-03', 'Admin', '2026-01-18 07:18:51', '2026-01-18 07:18:51', 1),
(83, 'dt_staff', 'DT staff', '2026.02.05', 'Staff.pdf', '20260118_152028_696c89bc32015.pdf', 17192, 1, '2026-02-05', 'Admin', '2026-01-18 07:20:28', '2026-01-18 07:20:28', 1),
(84, 'dt_worker', 'DT workers', '2026.02.05', 'DT Workers.pdf', '20260118_152103_696c89df4fa4b.pdf', 29321, 1, '2026-02-05', 'Admin', '2026-01-18 07:21:03', '2026-01-18 07:21:03', 1),
(85, 'dt_contractor', 'DT contractors', '2026.02.05', 'Contractors.pdf', '20260118_152154_696c8a124d3b3.pdf', 36648, 1, '2026-02-05', 'Admin', '2026-01-18 07:21:54', '2026-01-18 07:21:54', 1),
(86, 'dt_staff', 'DT staff', '2026.02.06', 'Staff.pdf', '20260118_152314_696c8a62f005f.pdf', 17046, 1, '2026-02-06', 'Admin', '2026-01-18 07:23:14', '2026-01-18 07:23:14', 1),
(87, 'dt_worker', 'DT workers', '2026.02.06', 'DT Workers.pdf', '20260118_152411_696c8a9b9e981.pdf', 28392, 1, '2026-02-06', 'Admin', '2026-01-18 07:24:11', '2026-01-18 07:24:11', 1),
(89, 'dt_contractor', 'DT  contractor', '2026.02.06', 'Contractors.pdf', '20260118_152554_696c8b02b8bc2.pdf', 34883, 1, '2026-02-06', 'Admin', '2026-01-18 07:25:54', '2026-01-18 07:25:54', 1),
(90, 'dt_staff', 'DT staff', '2026.02.07', 'Staff.pdf', '20260118_152653_696c8b3d7c686.pdf', 16971, 1, '2026-02-07', 'Admin', '2026-01-18 07:26:53', '2026-01-18 07:26:53', 1),
(91, 'dt_worker', 'DT workers', '2026.02.07', 'DT Workers.pdf', '20260118_152724_696c8b5c93e4e.pdf', 29557, 1, '2026-02-07', 'Admin', '2026-01-18 07:27:24', '2026-01-18 07:27:24', 1),
(92, 'dt_contractor', 'DT contractor', '2026.02.07', 'Contractors.pdf', '20260118_152823_696c8b9713da5.pdf', 37819, 1, '2026-02-07', 'Admin', '2026-01-18 07:28:23', '2026-01-18 07:28:23', 1),
(93, 'dt_staff', 'DT staff', '2026.02.09', 'Staff.pdf', '20260118_152903_696c8bbfc1c9d.pdf', 17016, 1, '2026-02-09', 'Admin', '2026-01-18 07:29:03', '2026-01-18 07:29:03', 1),
(94, 'dt_worker', 'DT workers', '2026.02.09', 'DT Workers.pdf', '20260118_153006_696c8bfe2a21c.pdf', 29796, 1, '2026-02-09', 'Admin', '2026-01-18 07:30:06', '2026-01-18 07:30:06', 1),
(95, 'dt_contractor', 'DT contractors', '2026.02.09', 'Contractors.pdf', '20260118_153045_696c8c25c881e.pdf', 37809, 1, '2026-02-09', 'Admin', '2026-01-18 07:30:45', '2026-01-18 07:30:45', 1),
(96, 'dt_staff', 'DT staff', '2026.02.10', 'Staff.pdf', '20260118_153155_696c8c6b657db.pdf', 17192, 1, '2026-02-10', 'Admin', '2026-01-18 07:31:55', '2026-01-18 07:31:55', 1),
(97, 'dt_worker', 'DT workers', '2026.02.10', 'DT Workers.pdf', '20260118_153226_696c8c8a90388.pdf', 29309, 1, '2026-02-10', 'Admin', '2026-01-18 07:32:26', '2026-01-18 07:32:26', 1),
(98, 'dt_contractor', 'DT contractors', '2026.02.10', 'Contractors.pdf', '20260118_153324_696c8cc4a8e23.pdf', 38472, 1, '2026-02-10', 'Admin', '2026-01-18 07:33:24', '2026-01-18 07:33:24', 1),
(99, 'dt_staff', 'DT staff', '2026.02.11', 'Staff.pdf', '20260118_153433_696c8d09345a2.pdf', 16951, 1, '2026-02-11', 'Admin', '2026-01-18 07:34:33', '2026-01-18 07:34:33', 1),
(100, 'dt_worker', 'DT workers', '2026.02.11', 'DT Workers.pdf', '20260118_153525_696c8d3d73247.pdf', 29416, 1, '2026-02-11', 'Admin', '2026-01-18 07:35:25', '2026-01-18 07:35:25', 1),
(101, 'dt_contractor', 'DT contractor', '2026.02.11', 'Contractors.pdf', '20260118_153612_696c8d6ccbf09.pdf', 38831, 1, '2026-02-11', 'Admin', '2026-01-18 07:36:12', '2026-01-18 07:36:12', 1),
(102, 'dt_staff', 'DT staff', '2026.02.12', 'Staff.pdf', '20260118_153705_696c8da165db5.pdf', 17215, 1, '2026-02-12', 'Admin', '2026-01-18 07:37:05', '2026-01-18 07:37:05', 1),
(103, 'dt_worker', 'DT workers', '2026.02.12', 'DT Workers.pdf', '20260224_233009_699dc401d7e58.pdf', 29633, 1, '2026-02-12', 'Admin', '2026-02-24 15:30:09', '2026-02-24 15:30:09', 1),
(104, 'dt_contractor', 'DT contractors', '2026.02.12', 'Contractors.pdf', '20260224_233050_699dc42af373c.pdf', 38833, 1, '2026-02-12', 'Admin', '2026-02-24 15:30:50', '2026-02-24 15:30:50', 1),
(105, 'dt_staff', 'DT staff', '2026.02.13', 'Staff.pdf', '20260224_211034_699da34a9dc40.pdf', 16986, 1, '2026-02-13', 'Admin', '2026-02-24 13:10:34', '2026-02-24 13:10:34', 1),
(106, 'dt_worker', 'DT workers', '2026.02.13', 'Dt workers.pdf', '20260224_211108_699da36c7d5c5.pdf', 29540, 1, '2026-02-13', 'Admin', '2026-02-24 13:11:08', '2026-02-24 13:11:08', 1),
(107, 'dt_contractor', 'DT contractors', '2026.02.13', 'Contractors.pdf', '20260224_211144_699da39004373.pdf', 38849, 1, '2026-02-13', 'Admin', '2026-02-24 13:11:44', '2026-02-24 13:11:44', 1),
(108, 'dt_staff', 'DT staff', '2026.02.14', 'Staff.pdf', '20260224_211314_699da3ea56f1a.pdf', 17229, 1, '2026-02-14', 'Admin', '2026-02-24 13:13:14', '2026-02-24 13:13:14', 1),
(109, 'dt_worker', 'DT workers', '2026.02.14', 'DT Workers.pdf', '20260224_211349_699da40deb61d.pdf', 29360, 1, '2026-02-14', 'Admin', '2026-02-24 13:13:49', '2026-02-24 13:13:49', 1),
(110, 'dt_contractor', 'DT contractors', '2026.02.14', 'Contractors.pdf', '20260224_211425_699da431a2595.pdf', 38746, 1, '2026-02-14', 'Admin', '2026-02-24 13:14:25', '2026-02-24 13:14:25', 1),
(111, 'dt_staff', 'DT staff', '2026.02.16', 'Staff.pdf', '20260224_211516_699da464d75f5.pdf', 17446, 1, '2026-02-16', 'Admin', '2026-02-24 13:15:16', '2026-02-24 13:15:16', 1),
(112, 'dt_staff', 'Staff-2026-02-23', 'Staff-2026-02-23', 'Staff-2026-02-23.pdf', '20260224_211526_699da46eb52e4.pdf', 17565, 1, '2026-02-23', 'Admin', '2026-02-24 13:15:26', '2026-02-24 13:15:26', 1),
(113, 'dt_worker', 'DT workers', '2026.02.016', 'DT Workers.pdf', '20260224_211554_699da48ad388b.pdf', 29525, 1, '2026-02-16', 'Admin', '2026-02-24 13:15:54', '2026-02-24 13:15:54', 1),
(114, 'dt_worker', 'DT Worker -2026-02-23', 'DT Worker -2026-02-23', '2026-02-23   DT Workers.pdf', '20260224_211656_699da4c888792.pdf', 29281, 1, '2026-02-23', 'Admin', '2026-02-24 13:16:56', '2026-02-24 13:16:56', 1),
(115, 'dt_contractor', 'DT contractors', '2026.02.16', 'Contractors.pdf', '20260224_211702_699da4ce5ed09.pdf', 32735, 1, '2026-02-16', 'Admin', '2026-02-24 13:17:02', '2026-02-24 13:17:02', 1),
(116, 'dt_contractor', '2026-02-23  Contractors', '2026-02-23  Contractors', '2026-02-23  Contractors.pdf', '20260224_211815_699da517b526a.pdf', 33322, 1, '2026-02-23', 'Admin', '2026-02-24 13:18:15', '2026-02-24 13:18:15', 1),
(117, 'dt_staff', 'DT staff', '2026.02.17', 'Staff.pdf', '20260224_211826_699da5222cc05.pdf', 17381, 1, '2026-02-17', 'Admin', '2026-02-24 13:18:26', '2026-02-24 13:18:26', 1),
(118, 'dt_worker', 'DT Workers', '2026.02.17', 'DT Workers.pdf', '20260224_211943_699da56fdbc03.pdf', 29414, 1, '2026-02-17', 'Admin', '2026-02-24 13:19:43', '2026-02-24 13:19:43', 1),
(119, 'dt_contractor', 'DT contractor', '2026.02.17', 'Contractors.pdf', '20260224_212025_699da599530d0.pdf', 32706, 1, '2026-02-17', 'Admin', '2026-02-24 13:20:25', '2026-02-24 13:20:25', 1),
(120, 'dt_staff', 'DT staff', '2026.02.18', 'Staff.pdf', '20260224_212118_699da5ce546c0.pdf', 17276, 1, '2026-02-18', 'Admin', '2026-02-24 13:21:18', '2026-02-24 13:21:18', 1),
(121, 'dt_worker', 'DT workers', '2026.02.18', 'Dt workers.pdf', '20260224_212158_699da5f67fb4e.pdf', 29517, 1, '2026-02-18', 'Admin', '2026-02-24 13:21:58', '2026-02-24 13:21:58', 1),
(122, 'dt_contractor', 'DT contractors', '2026.02.18', 'Contractors.pdf', '20260224_212249_699da629e597a.pdf', 32997, 1, '2026-02-18', 'Admin', '2026-02-24 13:22:49', '2026-02-24 13:22:49', 1),
(123, 'dt_staff', 'DT staff', '2026.02.19', 'Staff.pdf', '20260224_212339_699da65b20371.pdf', 17450, 1, '2026-02-19', 'Admin', '2026-02-24 13:23:39', '2026-02-24 13:23:39', 1),
(124, 'dt_worker', 'DT workers', '2026.02.19', 'Dt workers.pdf', '20260224_212426_699da68ab4fd5.pdf', 29045, 1, '2026-02-19', 'Admin', '2026-02-24 13:24:26', '2026-02-24 13:24:26', 1),
(125, 'dt_contractor', 'DT contractor', '2026.02.19', 'Contractors.pdf', '20260224_212526_699da6c6cdd1f.pdf', 32820, 1, '2026-02-19', 'Admin', '2026-02-24 13:25:26', '2026-02-24 13:25:26', 1),
(126, 'dt_staff', 'DT staff', '2026.02.20', 'Staff.pdf', '20260224_212622_699da6fea41bb.pdf', 17391, 1, '2026-02-20', 'Admin', '2026-02-24 13:26:22', '2026-02-24 13:26:22', 1),
(127, 'dt_worker', 'DT workers', '2026.02.20', 'Dt workers.pdf', '20260224_212656_699da720ce123.pdf', 29040, 1, '2026-02-20', 'Admin', '2026-02-24 13:26:56', '2026-02-24 13:26:56', 1),
(128, 'dt_contractor', 'DT contractors', '2026.02.20', 'Contractors.pdf', '20260224_212738_699da74aad176.pdf', 33259, 1, '2026-02-20', 'Admin', '2026-02-24 13:27:38', '2026-02-24 13:27:38', 1),
(129, 'dt_contractor', 'DT contractors', '2026.02.21', 'Contractors.pdf', '20260224_212853_699da7957eacf.pdf', 33347, 1, '2026-02-21', 'Admin', '2026-02-24 13:28:53', '2026-02-24 13:28:53', 1),
(130, 'dt_contractor', 'DT contractors', '2026.02.21', 'Contractors.pdf', '20260224_212932_699da7bc1b062.pdf', 33347, 1, '2026-02-21', 'Admin', '2026-02-24 13:29:32', '2026-02-24 13:29:32', 1),
(131, 'dt_contractor', 'DT contractors', '2026.02.21', 'Contractors.pdf', '20260224_212945_699da7c9a1fbe.pdf', 33347, 1, '2026-02-21', 'Admin', '2026-02-24 13:29:45', '2026-02-24 13:29:45', 1),
(132, 'dt_staff', 'DT staff', '2026.02.21', 'Staff.pdf', '20260224_214523_699dab7355a39.pdf', 17395, 1, '2026-02-21', 'Admin', '2026-02-24 13:45:23', '2026-02-24 13:45:23', 1),
(133, 'dt_worker', 'DT workers', '2026.02.21', 'Dt workers.pdf', '20260224_214625_699dabb1e5ff9.pdf', 29115, 1, '2026-02-21', 'Admin', '2026-02-24 13:46:25', '2026-02-24 13:46:25', 1),
(134, 'dt_staff', 'Staff-2026-02-25', 'Staff-2026-02-25', 'Staff-2026-02-25.pdf', '20260225_195742_699ee3b62770e.pdf', 17374, 1, '2026-02-25', 'Admin', '2026-02-25 11:57:42', '2026-02-25 11:57:42', 1),
(135, 'dt_worker', 'DT Workers-2026-02-25', 'DT Workers-2026-02-25', 'DT Workers-2026-02-25.pdf', '20260225_195835_699ee3ebeb8ea.pdf', 29408, 1, '2026-02-25', 'Admin', '2026-02-25 11:58:35', '2026-02-25 11:58:35', 1),
(136, 'dt_contractor', 'Contractors-2026-02-25', 'Contractors-2026-02-25', 'Contractors-2026-02-25.pdf', '20260225_195901_699ee405d5133.pdf', 33344, 1, '2026-02-25', 'Admin', '2026-02-25 11:59:01', '2026-02-25 11:59:01', 1);

-- --------------------------------------------------------

--
-- Table structure for table `upload_log`
--

CREATE TABLE `upload_log` (
  `id` int(11) NOT NULL,
  `upload_date` date NOT NULL,
  `filename` varchar(255) DEFAULT NULL,
  `records_processed` int(11) DEFAULT '0',
  `records_present` int(11) DEFAULT '0',
  `records_absent` int(11) DEFAULT '0',
  `status` varchar(50) DEFAULT 'success',
  `notes` text,
  `uploaded_at` timestamp NULL DEFAULT CURRENT_TIMESTAMP
) ENGINE=InnoDB DEFAULT CHARSET=utf8mb4;

--
-- Dumping data for table `upload_log`
--

INSERT INTO `upload_log` (`id`, `upload_date`, `filename`, `records_processed`, `records_present`, `records_absent`, `status`, `notes`, `uploaded_at`) VALUES
(1, '2026-02-21', 'Contractors  20a.csv', 75, 0, 0, 'success', NULL, '2026-01-16 14:18:45'),
(2, '2026-02-20', 'Contractors(5).csv', 75, 0, 0, 'success', NULL, '2026-01-16 14:25:03'),
(3, '2026-01-02', 'dddddddddddddd.csv', 74, 0, 0, 'success', NULL, '2026-01-17 19:39:38'),
(4, '2026-02-24', 'Contractors(7)Attendance - 2026-02-19.csv', 75, 39, 36, 'success', NULL, '2026-01-18 05:58:47'),
(5, '2026-02-23', '2026-02-23 Contractors.csv', 75, 33, 42, 'success', NULL, '2026-02-24 13:24:13'),
(6, '2026-02-19', 'Contractors -Attendance -2026-02-19.csv', 74, 44, 30, 'success', NULL, '2026-02-24 13:41:26'),
(7, '2026-02-25', 'Contractors-2026-02-25.csv', 75, 39, 36, 'success', NULL, '2026-02-25 14:32:24');

--
-- Indexes for dumped tables
--

--
-- Indexes for table `attendance_records`
--
ALTER TABLE `attendance_records`
  ADD PRIMARY KEY (`id`),
  ADD UNIQUE KEY `uniq_attendance` (`attendance_date`,`contractor_id`),
  ADD KEY `contractor_id` (`contractor_id`),
  ADD KEY `group_id` (`group_id`);

--
-- Indexes for table `contractors`
--
ALTER TABLE `contractors`
  ADD PRIMARY KEY (`id`),
  ADD UNIQUE KEY `uniq_worker` (`group_id`,`sequence_no`,`full_name`(100));

--
-- Indexes for table `contractor_groups`
--
ALTER TABLE `contractor_groups`
  ADD PRIMARY KEY (`id`),
  ADD UNIQUE KEY `uniq_group_name` (`group_name`);

--
-- Indexes for table `dt_attendance_records`
--
ALTER TABLE `dt_attendance_records`
  ADD PRIMARY KEY (`id`),
  ADD UNIQUE KEY `uq_daily` (`attendance_date`,`employee_id`),
  ADD KEY `category_id` (`category_id`),
  ADD KEY `idx_dt_date_cat` (`attendance_date`,`category_id`),
  ADD KEY `idx_dt_emp` (`employee_id`);

--
-- Indexes for table `dt_employees`
--
ALTER TABLE `dt_employees`
  ADD PRIMARY KEY (`id`),
  ADD UNIQUE KEY `uq_employee` (`category_id`,`sequence_no`,`full_name`(100));

--
-- Indexes for table `dt_employee_categories`
--
ALTER TABLE `dt_employee_categories`
  ADD PRIMARY KEY (`id`),
  ADD UNIQUE KEY `uq_cat_code` (`category_code`);

--
-- Indexes for table `dt_upload_log`
--
ALTER TABLE `dt_upload_log`
  ADD PRIMARY KEY (`id`);

--
-- Indexes for table `mh_audit_log`
--
ALTER TABLE `mh_audit_log`
  ADD PRIMARY KEY (`id`),
  ADD KEY `idx_logged_at` (`logged_at`),
  ADD KEY `idx_user_id` (`user_id`),
  ADD KEY `idx_action_type` (`action_type`);

--
-- Indexes for table `mh_calculation_log`
--
ALTER TABLE `mh_calculation_log`
  ADD PRIMARY KEY (`id`),
  ADD KEY `idx_mh_cl_date` (`run_at`),
  ADD KEY `idx_mh_cl_type` (`calc_type`);

--
-- Indexes for table `mh_daily_summary`
--
ALTER TABLE `mh_daily_summary`
  ADD PRIMARY KEY (`id`),
  ADD UNIQUE KEY `uq_mh_ds_day_emp` (`summary_date`,`employee_id`),
  ADD KEY `idx_mh_ds_date` (`summary_date`),
  ADD KEY `idx_mh_ds_emp` (`employee_id`),
  ADD KEY `idx_mh_ds_cat` (`category_id`),
  ADD KEY `idx_mh_ds_month` (`summary_date`,`category_id`);

--
-- Indexes for table `mh_employee_rates`
--
ALTER TABLE `mh_employee_rates`
  ADD PRIMARY KEY (`id`),
  ADD KEY `idx_mh_er_emp` (`employee_id`),
  ADD KEY `idx_mh_er_active` (`employee_id`,`valid_to`),
  ADD KEY `idx_mh_er_cat` (`category_id`);

--
-- Indexes for table `mh_shift_config`
--
ALTER TABLE `mh_shift_config`
  ADD PRIMARY KEY (`id`),
  ADD KEY `idx_mh_sc_active` (`is_active`);

--
-- Indexes for table `mh_special_days`
--
ALTER TABLE `mh_special_days`
  ADD PRIMARY KEY (`id`),
  ADD UNIQUE KEY `uq_mh_sd_date` (`special_date`),
  ADD KEY `idx_mh_sd_type` (`day_type`),
  ADD KEY `idx_mh_sd_year` (`special_date`);

--
-- Indexes for table `mh_time_entries`
--
ALTER TABLE `mh_time_entries`
  ADD PRIMARY KEY (`id`),
  ADD UNIQUE KEY `uq_mh_te_session` (`entry_date`,`employee_id`,`shift_type`),
  ADD KEY `attendance_id` (`attendance_id`),
  ADD KEY `shift_config_id` (`shift_config_id`),
  ADD KEY `special_day_id` (`special_day_id`),
  ADD KEY `idx_mh_te_date` (`entry_date`),
  ADD KEY `idx_mh_te_emp` (`employee_id`),
  ADD KEY `idx_mh_te_cat_date` (`category_id`,`entry_date`),
  ADD KEY `idx_mh_te_status` (`status`);

--
-- Indexes for table `mh_users`
--
ALTER TABLE `mh_users`
  ADD PRIMARY KEY (`id`),
  ADD UNIQUE KEY `username` (`username`);

--
-- Indexes for table `pdf_documents`
--
ALTER TABLE `pdf_documents`
  ADD PRIMARY KEY (`id`),
  ADD KEY `idx_category` (`category`),
  ADD KEY `idx_doc_date` (`doc_date`),
  ADD KEY `idx_cat_date` (`category`,`doc_date`);

--
-- Indexes for table `upload_log`
--
ALTER TABLE `upload_log`
  ADD PRIMARY KEY (`id`);

--
-- AUTO_INCREMENT for dumped tables
--

--
-- AUTO_INCREMENT for table `attendance_records`
--
ALTER TABLE `attendance_records`
  MODIFY `id` int(11) NOT NULL AUTO_INCREMENT, AUTO_INCREMENT=524;

--
-- AUTO_INCREMENT for table `contractors`
--
ALTER TABLE `contractors`
  MODIFY `id` int(11) NOT NULL AUTO_INCREMENT, AUTO_INCREMENT=118;

--
-- AUTO_INCREMENT for table `contractor_groups`
--
ALTER TABLE `contractor_groups`
  MODIFY `id` int(11) NOT NULL AUTO_INCREMENT, AUTO_INCREMENT=1524;

--
-- AUTO_INCREMENT for table `dt_attendance_records`
--
ALTER TABLE `dt_attendance_records`
  MODIFY `id` int(11) NOT NULL AUTO_INCREMENT, AUTO_INCREMENT=485;

--
-- AUTO_INCREMENT for table `dt_employees`
--
ALTER TABLE `dt_employees`
  MODIFY `id` int(11) NOT NULL AUTO_INCREMENT, AUTO_INCREMENT=182;

--
-- AUTO_INCREMENT for table `dt_employee_categories`
--
ALTER TABLE `dt_employee_categories`
  MODIFY `id` int(11) NOT NULL AUTO_INCREMENT, AUTO_INCREMENT=93;

--
-- AUTO_INCREMENT for table `dt_upload_log`
--
ALTER TABLE `dt_upload_log`
  MODIFY `id` int(11) NOT NULL AUTO_INCREMENT, AUTO_INCREMENT=11;

--
-- AUTO_INCREMENT for table `mh_audit_log`
--
ALTER TABLE `mh_audit_log`
  MODIFY `id` bigint(20) NOT NULL AUTO_INCREMENT, AUTO_INCREMENT=7;

--
-- AUTO_INCREMENT for table `mh_calculation_log`
--
ALTER TABLE `mh_calculation_log`
  MODIFY `id` int(11) NOT NULL AUTO_INCREMENT;

--
-- AUTO_INCREMENT for table `mh_daily_summary`
--
ALTER TABLE `mh_daily_summary`
  MODIFY `id` int(11) NOT NULL AUTO_INCREMENT;

--
-- AUTO_INCREMENT for table `mh_employee_rates`
--
ALTER TABLE `mh_employee_rates`
  MODIFY `id` int(11) NOT NULL AUTO_INCREMENT, AUTO_INCREMENT=2;

--
-- AUTO_INCREMENT for table `mh_shift_config`
--
ALTER TABLE `mh_shift_config`
  MODIFY `id` int(11) NOT NULL AUTO_INCREMENT, AUTO_INCREMENT=2;

--
-- AUTO_INCREMENT for table `mh_special_days`
--
ALTER TABLE `mh_special_days`
  MODIFY `id` int(11) NOT NULL AUTO_INCREMENT, AUTO_INCREMENT=77;

--
-- AUTO_INCREMENT for table `mh_time_entries`
--
ALTER TABLE `mh_time_entries`
  MODIFY `id` int(11) NOT NULL AUTO_INCREMENT;

--
-- AUTO_INCREMENT for table `mh_users`
--
ALTER TABLE `mh_users`
  MODIFY `id` int(11) NOT NULL AUTO_INCREMENT, AUTO_INCREMENT=3;

--
-- AUTO_INCREMENT for table `pdf_documents`
--
ALTER TABLE `pdf_documents`
  MODIFY `id` int(11) NOT NULL AUTO_INCREMENT, AUTO_INCREMENT=137;

--
-- AUTO_INCREMENT for table `upload_log`
--
ALTER TABLE `upload_log`
  MODIFY `id` int(11) NOT NULL AUTO_INCREMENT, AUTO_INCREMENT=8;

--
-- Constraints for dumped tables
--

--
-- Constraints for table `attendance_records`
--
ALTER TABLE `attendance_records`
  ADD CONSTRAINT `attendance_records_ibfk_1` FOREIGN KEY (`contractor_id`) REFERENCES `contractors` (`id`) ON DELETE CASCADE,
  ADD CONSTRAINT `attendance_records_ibfk_2` FOREIGN KEY (`group_id`) REFERENCES `contractor_groups` (`id`) ON DELETE CASCADE;

--
-- Constraints for table `contractors`
--
ALTER TABLE `contractors`
  ADD CONSTRAINT `contractors_ibfk_1` FOREIGN KEY (`group_id`) REFERENCES `contractor_groups` (`id`) ON DELETE CASCADE;

--
-- Constraints for table `dt_attendance_records`
--
ALTER TABLE `dt_attendance_records`
  ADD CONSTRAINT `dt_attendance_records_ibfk_1` FOREIGN KEY (`employee_id`) REFERENCES `dt_employees` (`id`) ON DELETE CASCADE,
  ADD CONSTRAINT `dt_attendance_records_ibfk_2` FOREIGN KEY (`category_id`) REFERENCES `dt_employee_categories` (`id`) ON DELETE CASCADE;

--
-- Constraints for table `dt_employees`
--
ALTER TABLE `dt_employees`
  ADD CONSTRAINT `dt_employees_ibfk_1` FOREIGN KEY (`category_id`) REFERENCES `dt_employee_categories` (`id`) ON DELETE CASCADE;

--
-- Constraints for table `mh_daily_summary`
--
ALTER TABLE `mh_daily_summary`
  ADD CONSTRAINT `mh_daily_summary_ibfk_1` FOREIGN KEY (`employee_id`) REFERENCES `dt_employees` (`id`) ON DELETE CASCADE,
  ADD CONSTRAINT `mh_daily_summary_ibfk_2` FOREIGN KEY (`category_id`) REFERENCES `dt_employee_categories` (`id`);

--
-- Constraints for table `mh_employee_rates`
--
ALTER TABLE `mh_employee_rates`
  ADD CONSTRAINT `mh_employee_rates_ibfk_1` FOREIGN KEY (`employee_id`) REFERENCES `dt_employees` (`id`) ON DELETE CASCADE,
  ADD CONSTRAINT `mh_employee_rates_ibfk_2` FOREIGN KEY (`category_id`) REFERENCES `dt_employee_categories` (`id`);

--
-- Constraints for table `mh_time_entries`
--
ALTER TABLE `mh_time_entries`
  ADD CONSTRAINT `mh_time_entries_ibfk_1` FOREIGN KEY (`employee_id`) REFERENCES `dt_employees` (`id`) ON DELETE CASCADE,
  ADD CONSTRAINT `mh_time_entries_ibfk_2` FOREIGN KEY (`category_id`) REFERENCES `dt_employee_categories` (`id`),
  ADD CONSTRAINT `mh_time_entries_ibfk_3` FOREIGN KEY (`attendance_id`) REFERENCES `dt_attendance_records` (`id`) ON DELETE SET NULL,
  ADD CONSTRAINT `mh_time_entries_ibfk_4` FOREIGN KEY (`shift_config_id`) REFERENCES `mh_shift_config` (`id`) ON DELETE SET NULL,
  ADD CONSTRAINT `mh_time_entries_ibfk_5` FOREIGN KEY (`special_day_id`) REFERENCES `mh_special_days` (`id`) ON DELETE SET NULL;
COMMIT;

/*!40101 SET CHARACTER_SET_CLIENT=@OLD_CHARACTER_SET_CLIENT */;
/*!40101 SET CHARACTER_SET_RESULTS=@OLD_CHARACTER_SET_RESULTS */;
/*!40101 SET COLLATION_CONNECTION=@OLD_COLLATION_CONNECTION */;
